scan,rater_1,rater_2,rater_3,rater_4
sub-wrap0002_ses-baseline_acq-unknown_,yes,yes,yes,maybe
sub-wrap0012_ses-baseline_acq-SPGR_,yes,yes,yes,yes
sub-wrap0012_ses-year2_acq-SPGR_,yes,yes,yes,yes
sub-wrap0012_ses-year3_acq-SPGR_,yes,yes,yes,yes
sub-wrap0012_ses-year4_acq-SPGR_,yes,no,no,no
sub-wrap0015_ses-baseline_acq-MPRAGE_,yes,yes,yes,yes
sub-wrap0015_ses-year2_acq-SPGR_,yes,yes,yes,yes
sub-wrap0015_ses-year3_acq-SPGR_,yes,yes,yes,yes
sub-wrap0016_ses-baseline_acq-unknown_,yes,yes,yes,yes
sub-wrap0016_ses-year2_acq-unknown_,yes,yes,yes,maybe
sub-wrap0018_ses-year2_acq-SPGR_,yes,yes,yes,yes
sub-wrap0027_ses-baseline_acq-SPGR_,yes,yes,yes,yes
sub-wrap0027_ses-year2_acq-SPGR_,yes,yes,yes,yes
sub-wrap0028_ses-year2_acq-unknown_,yes,yes,yes,yes
sub-wrap0029_ses-baseline_acq-SPGR_,yes,yes,yes,yes
sub-wrap0029_ses-year2_acq-SPGR_,yes,yes,yes,yes
sub-wrap0034_ses-baseline_acq-unknown_,yes,yes,yes,yes
sub-wrap0035_ses-baseline_acq-unknown_,yes,yes,yes,yes
sub-wrap0036_ses-baseline_acq-SPGR_,yes,yes,yes,yes
sub-wrap0036_ses-year2_acq-SPGR_,yes,yes,yes,yes
sub-wrap0036_ses-year3_acq-SPGR_,yes,yes,yes,yes
sub-wrap0038_ses-baseline_acq-SPGR_,yes,yes,yes,yes
sub-wrap0038_ses-year2_acq-SPGR_,yes,yes,yes,yes
sub-wrap0041_ses-baseline_acq-SPGR_,yes,yes,yes,yes
sub-wrap0041_ses-year2_acq-SPGR_,yes,yes,yes,yes
sub-wrap0041_ses-year3_acq-SPGR_,yes,yes,yes,yes
sub-wrap0041_ses-year4_acq-SPGR_,yes,yes,yes,yes
sub-wrap0041_ses-year5_acq-unknown_,yes,yes,yes,yes
sub-wrap0041_ses-year6_acq-unknown_,yes,yes,yes,yes
sub-wrap0044_ses-baseline_acq-SPGR_,yes,yes,yes,yes
sub-wrap0044_ses-year2_acq-unknown_,yes,yes,yes,yes
sub-wrap0059_ses-baseline_acq-SPGR_,maybe,yes,yes,yes
sub-wrap0059_ses-year2_acq-unknown_,yes,yes,yes,yes
sub-wrap0060_ses-baseline_acq-SPGR_,yes,yes,yes,yes
sub-wrap0060_ses-year2_acq-SPGR_,yes,yes,yes,yes
sub-wrap0060_ses-year4_acq-SPGR_,yes,yes,yes,yes
sub-wrap0067_ses-baseline_acq-SPGR_,yes,maybe,yes,maybe
sub-wrap0067_ses-year2_acq-SPGR_,yes,yes,yes,maybe
sub-wrap0067_ses-year4_acq-SPGR_run-1,yes,yes,yes,yes
sub-wrap0067_ses-year4_acq-SPGR_run-2,yes,yes,yes,yes
sub-wrap0069_ses-baseline_acq-unknown_,yes,yes,yes,yes
sub-wrap0070_ses-baseline_acq-SPGR_,yes,yes,yes,maybe
sub-wrap0075_ses-baseline_acq-SPGR_,yes,yes,yes,yes
sub-wrap0075_ses-year2_acq-SPGR_,yes,yes,yes,yes
sub-wrap0075_ses-year3_acq-SPGR_,yes,yes,yes,yes
sub-wrap0075_ses-year4_acq-SPGR_,yes,yes,yes,yes
sub-wrap0075_ses-year5_acq-unknown_,yes,yes,yes,yes
sub-wrap0075_ses-year6_acq-unknown_,yes,yes,yes,yes
sub-wrap0079_ses-baseline_acq-SPGR_,yes,yes,yes,yes
sub-wrap0079_ses-year2_acq-SPGR_,yes,yes,yes,yes
sub-wrap0079_ses-year3_acq-SPGR_,yes,yes,yes,yes
sub-wrap0081_ses-baseline_acq-SPGR_,yes,yes,yes,yes
sub-wrap0083_ses-baseline_acq-MPRAGE_,yes,yes,yes,yes
sub-wrap0083_ses-year2_acq-SPGR_,yes,yes,yes,yes
sub-wrap0083_ses-year3_acq-SPGR_,yes,yes,yes,yes
sub-wrap0083_ses-year4_acq-SPGR_,yes,yes,yes,yes
sub-wrap0083_ses-year5_acq-unknown_,yes,yes,yes,yes
sub-wrap0083_ses-year6_acq-unknown_,yes,yes,yes,yes
sub-wrap0085_ses-baseline_acq-unknown_,yes,yes,yes,yes
sub-wrap0089_ses-baseline_acq-SPGR_,yes,yes,yes,yes
sub-wrap0089_ses-year2_acq-SPGR_,yes,yes,no,yes
sub-wrap0092_ses-baseline_acq-SPGR_,yes,yes,yes,yes
sub-wrap0092_ses-year3_acq-SPGR_,yes,yes,yes,yes
sub-wrap0097_ses-baseline_acq-unknown_,yes,yes,yes,yes
sub-wrap0097_ses-year2_acq-SPGR_,yes,yes,yes,yes
sub-wrap0098_ses-baseline_acq-SPGR_,yes,yes,yes,yes
sub-wrap0098_ses-year2_acq-SPGR_,yes,yes,yes,yes
sub-wrap0098_ses-year3_acq-SPGR_,yes,yes,yes,yes
sub-wrap0098_ses-year4_acq-SPGR_,yes,yes,yes,yes
sub-wrap0098_ses-year5_acq-unknown_,yes,yes,yes,yes
sub-wrap0098_ses-year6_acq-SPGR_,yes,yes,yes,yes
sub-wrap0100_ses-baseline_acq-unknown_,yes,yes,yes,yes
sub-wrap0100_ses-year2_acq-unknown_,yes,yes,yes,yes
sub-wrap0101_ses-baseline_acq-MPRAGE_,yes,yes,maybe,yes
sub-wrap0101_ses-year2_acq-SPGR_,maybe,yes,yes,yes
sub-wrap0101_ses-year3_acq-SPGR_run-1,yes,yes,yes,yes
sub-wrap0101_ses-year3_acq-SPGR_run-2,yes,yes,yes,yes
sub-wrap0103_ses-baseline_acq-MPRAGE_,yes,yes,yes,yes
sub-wrap0103_ses-year2_acq-unknown_,yes,yes,yes,yes
sub-wrap0105_ses-baseline_acq-unknown_,yes,yes,yes,maybe
sub-wrap0108_ses-baseline_acq-MPRAGE_,yes,yes,yes,yes
sub-wrap0118_ses-baseline_acq-unknown_,yes,yes,yes,yes
sub-wrap0120_ses-baseline_acq-unknown_,yes,yes,yes,yes
sub-wrap0121_ses-baseline_acq-SPGR_,yes,maybe,yes,yes
sub-wrap0121_ses-year2_acq-SPGR_,yes,yes,yes,yes
sub-wrap0121_ses-year3_acq-unknown_,yes,yes,yes,yes
sub-wrap0124_ses-baseline_acq-unknown_,yes,yes,yes,yes
sub-wrap0124_ses-year3_acq-SPGR_,yes,yes,yes,yes
sub-wrap0128_ses-baseline_acq-SPGR_,yes,yes,yes,maybe
sub-wrap0129_ses-baseline_acq-SPGR_,yes,yes,yes,yes
sub-wrap0129_ses-year2_acq-SPGR_,yes,yes,yes,yes
sub-wrap0131_ses-baseline_acq-SPGR_,yes,yes,yes,yes
sub-wrap0131_ses-year2_acq-SPGR_,yes,yes,yes,yes
sub-wrap0132_ses-baseline_acq-MPRAGE_,yes,yes,yes,yes
sub-wrap0134_ses-baseline_acq-SPGR_,yes,yes,yes,yes
sub-wrap0134_ses-year2_acq-SPGR_,yes,yes,yes,yes
sub-wrap0134_ses-year3_acq-SPGR_,yes,yes,yes,yes
sub-wrap0134_ses-year4_acq-unknown_,yes,yes,yes,yes
sub-wrap0134_ses-year5_acq-unknown_,yes,yes,yes,yes
sub-wrap0139_ses-baseline_acq-SPGR_,yes,yes,yes,yes
sub-wrap0139_ses-year2_acq-SPGR_,yes,yes,yes,yes
sub-wrap0139_ses-year4_acq-unknown_,yes,yes,yes,yes
sub-wrap0140_ses-baseline_acq-SPGR_,yes,yes,yes,yes
sub-wrap0140_ses-year2_acq-SPGR_,yes,yes,yes,yes
sub-wrap0140_ses-year3_acq-SPGR_,yes,yes,yes,yes
sub-wrap0140_ses-year4_acq-SPGR_,yes,yes,yes,yes
sub-wrap0140_ses-year5_acq-unknown_,yes,yes,yes,yes
sub-wrap0140_ses-year6_acq-unknown_,yes,yes,yes,yes
sub-wrap0142_ses-baseline_acq-SPGR_,yes,yes,yes,yes
sub-wrap0146_ses-baseline_acq-SPGR_,yes,yes,yes,yes
sub-wrap0146_ses-year3_acq-SPGR_,yes,yes,yes,yes
sub-wrap0146_ses-year4_acq-SPGR_,yes,maybe,yes,yes
sub-wrap0146_ses-year6_acq-unknown_,yes,yes,yes,yes
sub-wrap0146_ses-year7_acq-SPGR_,yes,yes,yes,yes
sub-wrap0149_ses-baseline_acq-SPGR_,yes,yes,yes,yes
sub-wrap0149_ses-year2_acq-unknown_,yes,yes,yes,yes
sub-wrap0149_ses-year3_acq-unknown_,yes,yes,yes,yes
sub-wrap0150_ses-year2_acq-SPGR_,yes,yes,yes,yes
sub-wrap0150_ses-year3_acq-SPGR_,yes,yes,yes,yes
sub-wrap0150_ses-year4_acq-SPGR_,maybe,yes,yes,maybe
sub-wrap0150_ses-year5_acq-unknown_,yes,yes,yes,yes
sub-wrap0150_ses-year6_acq-unknown_,yes,yes,yes,maybe
sub-wrap0155_ses-baseline_acq-SPGR_,maybe,yes,yes,yes
sub-wrap0158_ses-baseline_acq-SPGR_,yes,yes,yes,yes
sub-wrap0160_ses-baseline_acq-unknown_,yes,yes,yes,yes
sub-wrap0163_ses-baseline_acq-MPRAGE_,yes,yes,yes,yes
sub-wrap0163_ses-year2_acq-SPGR_,yes,yes,yes,yes
sub-wrap0163_ses-year3_acq-SPGR_,yes,yes,yes,yes
sub-wrap0170_ses-baseline_acq-SPGR_,maybe,yes,yes,yes
sub-wrap0170_ses-year2_acq-SPGR_,yes,yes,yes,yes
sub-wrap0170_ses-year3_acq-SPGR_,yes,yes,yes,yes
sub-wrap0170_ses-year4_acq-SPGR_,yes,yes,yes,yes
sub-wrap0170_ses-year5_acq-unknown_,yes,yes,yes,yes
sub-wrap0170_ses-year7_acq-SPGR_,yes,yes,yes,yes
sub-wrap0171_ses-baseline_acq-unknown_,yes,yes,yes,yes
sub-wrap0174_ses-baseline_acq-unknown_,yes,yes,yes,yes
sub-wrap0175_ses-year2_acq-SPGR_,yes,yes,yes,yes
sub-wrap0175_ses-year3_acq-SPGR_,yes,yes,yes,yes
sub-wrap0181_ses-year3_acq-unknown_,yes,yes,yes,maybe
sub-wrap0184_ses-baseline_acq-SPGR_,yes,yes,yes,yes
sub-wrap0189_ses-baseline_acq-SPGR_,yes,yes,yes,yes
sub-wrap0189_ses-year2_acq-SPGR_,yes,yes,yes,yes
sub-wrap0191_ses-baseline_acq-unknown_,yes,yes,yes,yes
sub-wrap0193_ses-baseline_acq-MPRAGE_,yes,yes,yes,yes
sub-wrap0193_ses-year2_acq-SPGR_,yes,yes,yes,yes
sub-wrap0193_ses-year3_acq-SPGR_,yes,yes,yes,yes
sub-wrap0193_ses-year5_acq-unknown_,yes,yes,yes,yes
sub-wrap0194_ses-baseline_acq-SPGR_,yes,yes,yes,yes
sub-wrap0194_ses-year2_acq-SPGR_,yes,yes,yes,yes
sub-wrap0196_ses-baseline_acq-SPGR_,yes,yes,yes,yes
sub-wrap0197_ses-baseline_acq-SPGR_,maybe,yes,yes,maybe
sub-wrap0197_ses-year2_acq-SPGR_run-1,yes,yes,yes,yes
sub-wrap0197_ses-year2_acq-SPGR_run-2,yes,yes,yes,yes
sub-wrap0197_ses-year3_acq-SPGR_,yes,yes,yes,yes
sub-wrap0197_ses-year4_acq-SPGR_,yes,yes,yes,yes
sub-wrap0199_ses-baseline_acq-SPGR_,yes,yes,yes,yes
sub-wrap0199_ses-year2_acq-SPGR_,yes,yes,yes,yes
sub-wrap0199_ses-year3_acq-unknown_,yes,yes,yes,maybe
sub-wrap0200_ses-baseline_acq-SPGR_,yes,yes,yes,yes
sub-wrap0200_ses-year2_acq-SPGR_,yes,yes,yes,yes
sub-wrap0200_ses-year4_acq-SPGR_,yes,yes,yes,yes
sub-wrap0201_ses-baseline_acq-SPGR_,yes,yes,yes,yes
sub-wrap0201_ses-year2_acq-SPGR_,yes,yes,yes,yes
sub-wrap0201_ses-year3_acq-unknown_,yes,yes,yes,yes
sub-wrap0202_ses-baseline_acq-MPRAGE_,yes,yes,yes,yes
sub-wrap0202_ses-year2_acq-SPGR_,maybe,yes,yes,yes
sub-wrap0202_ses-year3_acq-unknown_,yes,yes,yes,yes
sub-wrap0204_ses-baseline_acq-unknown_,yes,yes,yes,yes
sub-wrap0208_ses-baseline_acq-MPRAGE_,yes,yes,yes,yes
sub-wrap0208_ses-year2_acq-unknown_,yes,yes,yes,yes
sub-wrap0210_ses-baseline_acq-MPRAGE_,yes,yes,yes,no
sub-wrap0210_ses-year2_acq-unknown_,yes,yes,yes,maybe
sub-wrap0214_ses-baseline_acq-SPGR_,yes,yes,yes,yes
sub-wrap0217_ses-baseline_acq-SPGR_,maybe,yes,yes,no
sub-wrap0217_ses-year2_acq-SPGR_,maybe,yes,yes,no
sub-wrap0217_ses-year3_acq-unknown_,yes,yes,maybe,yes
sub-wrap0217_ses-year4_acq-unknown_,yes,maybe,yes,maybe
sub-wrap0223_ses-baseline_acq-SPGR_,maybe,yes,yes,yes
sub-wrap0224_ses-baseline_acq-MPRAGE_,yes,yes,yes,yes
sub-wrap0229_ses-baseline_acq-MPRAGE_,yes,yes,yes,yes
sub-wrap0229_ses-year2_acq-SPGR_,maybe,yes,yes,maybe
sub-wrap0229_ses-year3_acq-SPGR_,yes,yes,yes,yes
sub-wrap0229_ses-year4_acq-SPGR_,yes,yes,yes,yes
sub-wrap0229_ses-year5_acq-SPGR_,yes,yes,yes,yes
sub-wrap0229_ses-year6_acq-unknown_,yes,yes,yes,yes
sub-wrap0232_ses-baseline_acq-MPRAGE_,yes,yes,yes,yes
sub-wrap0233_ses-baseline_acq-MPRAGE_,yes,yes,yes,yes
sub-wrap0233_ses-year2_acq-unknown_,yes,yes,yes,yes
sub-wrap0234_ses-baseline_acq-SPGR_,yes,yes,yes,yes
sub-wrap0236_ses-baseline_acq-MPRAGE_,yes,yes,yes,yes
sub-wrap0236_ses-year2_acq-SPGR_,yes,yes,yes,yes
sub-wrap0236_ses-year3_acq-SPGR_,maybe,yes,yes,no
sub-wrap0236_ses-year5_acq-unknown_,yes,yes,yes,yes
sub-wrap0236_ses-year6_acq-SPGR_,yes,yes,yes,yes
sub-wrap0238_ses-baseline_acq-MPRAGE_,yes,yes,yes,yes
sub-wrap0238_ses-year2_acq-SPGR_,yes,yes,yes,yes
sub-wrap0238_ses-year3_acq-SPGR_,yes,yes,yes,yes
sub-wrap0238_ses-year4_acq-SPGR_,yes,yes,yes,maybe
sub-wrap0238_ses-year5_acq-unknown_,yes,yes,yes,yes
sub-wrap0238_ses-year6_acq-SPGR_,yes,yes,yes,yes
sub-wrap0238_ses-year7_acq-unknown_,yes,yes,yes,yes
sub-wrap0238_ses-year8_acq-SPGR_,yes,yes,yes,yes
sub-wrap0241_ses-baseline_acq-SPGR_,maybe,yes,yes,yes
sub-wrap0241_ses-year3_acq-SPGR_,yes,yes,yes,yes
sub-wrap0241_ses-year4_acq-unknown_,yes,yes,yes,yes
sub-wrap0241_ses-year5_acq-SPGR_,yes,yes,yes,yes
sub-wrap0243_ses-baseline_acq-unknown_,yes,yes,yes,yes
sub-wrap0244_ses-year2_acq-SPGR_,yes,yes,yes,yes
sub-wrap0244_ses-year3_acq-SPGR_,yes,yes,yes,yes
sub-wrap0244_ses-year4_acq-unknown_,yes,yes,yes,yes
sub-wrap0244_ses-year5_acq-SPGR_,yes,yes,yes,yes
sub-wrap0250_ses-baseline_acq-SPGR_,yes,yes,yes,yes
sub-wrap0250_ses-year2_acq-SPGR_,yes,yes,yes,yes
sub-wrap0250_ses-year3_acq-SPGR_,yes,yes,yes,yes
sub-wrap0250_ses-year4_acq-SPGR_,yes,yes,yes,yes
sub-wrap0250_ses-year5_acq-unknown_,yes,yes,yes,yes
sub-wrap0250_ses-year6_acq-SPGR_,yes,yes,yes,yes
sub-wrap0251_ses-baseline_acq-SPGR_,yes,yes,yes,yes
sub-wrap0251_ses-year2_acq-SPGR_,yes,yes,yes,yes
sub-wrap0255_ses-baseline_acq-SPGR_,yes,yes,yes,yes
sub-wrap0255_ses-year2_acq-SPGR_,yes,yes,yes,yes
sub-wrap0256_ses-baseline_acq-MPRAGE_,yes,yes,yes,yes
sub-wrap0256_ses-year2_acq-SPGR_,yes,yes,yes,yes
sub-wrap0256_ses-year3_acq-SPGR_,yes,yes,yes,yes
sub-wrap0263_ses-baseline_acq-MPRAGE_,yes,yes,yes,yes
sub-wrap0263_ses-year2_acq-SPGR_,yes,yes,yes,yes
sub-wrap0265_ses-baseline_acq-MPRAGE_,yes,yes,yes,yes
sub-wrap0265_ses-year2_acq-SPGR_,yes,yes,yes,yes
sub-wrap0265_ses-year3_acq-SPGR_,yes,yes,maybe,yes
sub-wrap0265_ses-year4_acq-unknown_,yes,yes,yes,yes
sub-wrap0267_ses-baseline_acq-SPGR_,yes,yes,yes,yes
sub-wrap0267_ses-year2_acq-SPGR_,yes,yes,yes,yes
sub-wrap0267_ses-year3_acq-SPGR_,yes,yes,yes,yes
sub-wrap0267_ses-year4_acq-unknown_,yes,yes,yes,yes
sub-wrap0267_ses-year5_acq-unknown_,yes,yes,yes,yes
sub-wrap0268_ses-baseline_acq-SPGR_,yes,yes,yes,yes
sub-wrap0272_ses-baseline_acq-MPRAGE_,yes,yes,yes,yes
sub-wrap0272_ses-year2_acq-SPGR_,yes,yes,yes,yes
sub-wrap0272_ses-year3_acq-SPGR_,yes,yes,yes,yes
sub-wrap0272_ses-year4_acq-unknown_,yes,yes,yes,yes
sub-wrap0277_ses-baseline_acq-unknown_,yes,yes,yes,yes
sub-wrap0278_ses-baseline_acq-SPGR_,yes,yes,yes,yes
sub-wrap0278_ses-year2_acq-SPGR_,yes,yes,yes,yes
sub-wrap0278_ses-year4_acq-SPGR_,yes,yes,yes,yes
sub-wrap0280_ses-year3_acq-SPGR_,yes,yes,yes,yes
sub-wrap0281_ses-baseline_acq-SPGR_,yes,yes,yes,yes
sub-wrap0281_ses-year2_acq-SPGR_,yes,yes,yes,yes
sub-wrap0281_ses-year3_acq-unknown_,yes,yes,yes,yes
sub-wrap0281_ses-year4_acq-unknown_,yes,yes,yes,yes
sub-wrap0283_ses-baseline_acq-SPGR_,yes,yes,yes,yes
sub-wrap0283_ses-year2_acq-SPGR_,yes,yes,yes,yes
sub-wrap0283_ses-year3_acq-unknown_,yes,yes,yes,yes
sub-wrap0284_ses-baseline_acq-SPGR_,yes,yes,yes,yes
sub-wrap0284_ses-year2_acq-SPGR_,yes,yes,yes,yes
sub-wrap0284_ses-year3_acq-unknown_,yes,yes,yes,yes
sub-wrap0285_ses-baseline_acq-SPGR_,yes,yes,yes,yes
sub-wrap0287_ses-baseline_acq-SPGR_,yes,yes,maybe,yes
sub-wrap0287_ses-year3_acq-unknown_,yes,yes,yes,no
sub-wrap0287_ses-year4_acq-unknown_,yes,yes,yes,yes
sub-wrap0287_ses-year5_acq-SPGR_,yes,yes,yes,yes
sub-wrap0288_ses-baseline_acq-SPGR_,yes,yes,yes,yes
sub-wrap0288_ses-year2_acq-SPGR_,yes,yes,yes,yes
sub-wrap0289_ses-baseline_acq-SPGR_,yes,yes,yes,yes
sub-wrap0289_ses-year2_acq-SPGR_,yes,yes,yes,yes
sub-wrap0289_ses-year3_acq-SPGR_,yes,yes,yes,yes
sub-wrap0289_ses-year4_acq-SPGR_,yes,yes,yes,yes
sub-wrap0289_ses-year5_acq-unknown_,yes,yes,yes,yes
sub-wrap0289_ses-year6_acq-unknown_,yes,yes,yes,yes
sub-wrap0290_ses-baseline_acq-SPGR_,yes,yes,yes,yes
sub-wrap0290_ses-year2_acq-SPGR_,yes,yes,yes,yes
sub-wrap0290_ses-year3_acq-SPGR_,yes,yes,yes,yes
sub-wrap0290_ses-year4_acq-SPGR_,yes,yes,yes,yes
sub-wrap0290_ses-year5_acq-unknown_,yes,yes,yes,yes
sub-wrap0292_ses-baseline_acq-MPRAGE_,yes,yes,yes,yes
sub-wrap0295_ses-baseline_acq-MPRAGE_,yes,yes,yes,yes
sub-wrap0295_ses-year2_acq-unknown_,yes,yes,yes,yes
sub-wrap0295_ses-year3_acq-unknown_,yes,yes,yes,yes
sub-wrap0298_ses-baseline_acq-SPGR_,yes,yes,yes,yes
sub-wrap0298_ses-year2_acq-SPGR_,yes,yes,yes,yes
sub-wrap0298_ses-year3_acq-unknown_,yes,yes,yes,yes
sub-wrap0298_ses-year4_acq-unknown_,yes,yes,yes,yes
sub-wrap0299_ses-baseline_acq-SPGR_,yes,yes,yes,yes
sub-wrap0299_ses-year2_acq-SPGR_,yes,yes,yes,yes
sub-wrap0299_ses-year3_acq-unknown_,yes,yes,yes,yes
sub-wrap0300_ses-baseline_acq-SPGR_,yes,yes,yes,yes
sub-wrap0300_ses-year2_acq-SPGR_,maybe,yes,yes,no
sub-wrap0300_ses-year3_acq-unknown_,yes,yes,yes,yes
sub-wrap0302_ses-baseline_acq-unknown_,yes,yes,yes,yes
sub-wrap0305_ses-baseline_acq-SPGR_,yes,yes,yes,yes
sub-wrap0306_ses-baseline_acq-SPGR_,yes,yes,yes,yes
sub-wrap0307_ses-baseline_acq-SPGR_,yes,yes,yes,yes
sub-wrap0307_ses-year2_acq-SPGR_,yes,yes,yes,yes
sub-wrap0307_ses-year3_acq-unknown_,yes,yes,yes,yes
sub-wrap0308_ses-baseline_acq-MPRAGE_,yes,yes,yes,maybe
sub-wrap0311_ses-baseline_acq-SPGR_,maybe,yes,yes,yes
sub-wrap0312_ses-baseline_acq-SPGR_,yes,yes,yes,yes
sub-wrap0312_ses-year2_acq-SPGR_,yes,yes,yes,yes
sub-wrap0312_ses-year3_acq-SPGR_,yes,maybe,maybe,yes
sub-wrap0312_ses-year4_acq-unknown_,yes,yes,yes,yes
sub-wrap0312_ses-year5_acq-unknown_,yes,yes,yes,yes
sub-wrap0314_ses-year2_acq-SPGR_,yes,yes,yes,yes
sub-wrap0315_ses-baseline_acq-MPRAGE_,yes,yes,yes,yes
sub-wrap0315_ses-year3_acq-SPGR_,yes,yes,yes,yes
sub-wrap0315_ses-year4_acq-SPGR_,yes,yes,yes,yes
sub-wrap0315_ses-year5_acq-unknown_,yes,yes,yes,yes
sub-wrap0316_ses-baseline_acq-SPGR_,yes,yes,yes,yes
sub-wrap0316_ses-year2_acq-SPGR_,yes,yes,yes,yes
sub-wrap0316_ses-year3_acq-SPGR_,yes,yes,yes,yes
sub-wrap0316_ses-year4_acq-SPGR_,yes,yes,yes,yes
sub-wrap0316_ses-year5_acq-unknown_,yes,yes,yes,yes
sub-wrap0316_ses-year6_acq-SPGR_,yes,yes,yes,yes
sub-wrap0320_ses-baseline_acq-SPGR_,yes,yes,yes,yes
sub-wrap0322_ses-baseline_acq-SPGR_,yes,yes,yes,yes
sub-wrap0322_ses-year2_acq-SPGR_,yes,yes,yes,yes
sub-wrap0324_ses-baseline_acq-MPRAGE_,yes,yes,yes,yes
sub-wrap0324_ses-year2_acq-SPGR_,yes,yes,yes,yes
sub-wrap0324_ses-year3_acq-SPGR_,yes,yes,yes,maybe
sub-wrap0324_ses-year4_acq-unknown_,yes,yes,yes,yes
sub-wrap0324_ses-year5_acq-SPGR_,yes,yes,yes,yes
sub-wrap0325_ses-year2_acq-SPGR_,yes,yes,yes,yes
sub-wrap0325_ses-year3_acq-SPGR_,yes,yes,yes,yes
sub-wrap0325_ses-year4_acq-SPGR_,yes,yes,yes,yes
sub-wrap0325_ses-year5_acq-unknown_,yes,yes,yes,yes
sub-wrap0325_ses-year6_acq-SPGR_,yes,yes,yes,yes
sub-wrap0326_ses-baseline_acq-MPRAGE_,yes,yes,yes,yes
sub-wrap0326_ses-year3_acq-SPGR_,yes,yes,yes,yes
sub-wrap0326_ses-year4_acq-SPGR_,yes,yes,yes,yes
sub-wrap0326_ses-year5_acq-SPGR_,yes,yes,yes,yes
sub-wrap0326_ses-year6_acq-unknown_,yes,yes,yes,yes
sub-wrap0327_ses-year2_acq-SPGR_,yes,yes,yes,maybe
sub-wrap0327_ses-year3_acq-unknown_,yes,yes,yes,maybe
sub-wrap0330_ses-baseline_acq-MPRAGE_,yes,yes,yes,yes
sub-wrap0330_ses-year2_acq-unknown_,yes,yes,yes,yes
sub-wrap0331_ses-baseline_acq-unknown_,yes,yes,yes,yes
sub-wrap0332_ses-baseline_acq-SPGR_,yes,yes,yes,yes
sub-wrap0333_ses-baseline_acq-SPGR_,yes,yes,yes,yes
sub-wrap0337_ses-baseline_acq-MPRAGE_,yes,yes,yes,yes
sub-wrap0337_ses-year2_acq-SPGR_,yes,yes,yes,yes
sub-wrap0337_ses-year3_acq-SPGR_,yes,yes,yes,yes
sub-wrap0337_ses-year4_acq-SPGR_,yes,yes,yes,yes
sub-wrap0337_ses-year5_acq-SPGR_,yes,yes,yes,yes
sub-wrap0337_ses-year6_acq-unknown_,yes,yes,yes,yes
sub-wrap0338_ses-year2_acq-unknown_,yes,yes,yes,yes
sub-wrap0340_ses-baseline_acq-unknown_,yes,yes,yes,maybe
sub-wrap0340_ses-year2_acq-unknown_,yes,yes,yes,yes
sub-wrap0341_ses-baseline_acq-unknown_,yes,yes,yes,yes
sub-wrap0341_ses-year2_acq-unknown_,yes,yes,yes,yes
sub-wrap0346_ses-baseline_acq-SPGR_,maybe,yes,yes,yes
sub-wrap0346_ses-year2_acq-unknown_,yes,yes,yes,yes
sub-wrap0346_ses-year3_acq-unknown_,yes,yes,yes,yes
sub-wrap0346_ses-year4_acq-unknown_,yes,yes,yes,yes
sub-wrap0348_ses-baseline_acq-unknown_,yes,yes,yes,yes
sub-wrap0352_ses-baseline_acq-unknown_,yes,yes,yes,yes
sub-wrap0352_ses-year2_acq-SPGR_,yes,yes,yes,yes
sub-wrap0353_ses-year2_acq-unknown_,yes,yes,yes,yes
sub-wrap0354_ses-baseline_acq-SPGR_,yes,yes,yes,yes
sub-wrap0354_ses-year2_acq-SPGR_,yes,yes,yes,yes
sub-wrap0354_ses-year3_acq-unknown_,yes,yes,yes,maybe
sub-wrap0358_ses-baseline_acq-SPGR_,yes,yes,yes,yes
sub-wrap0358_ses-year2_acq-SPGR_,yes,yes,yes,yes
sub-wrap0358_ses-year3_acq-SPGR_,yes,yes,yes,yes
sub-wrap0358_ses-year4_acq-SPGR_,yes,yes,yes,yes
sub-wrap0358_ses-year5_acq-unknown_,yes,yes,yes,yes
sub-wrap0363_ses-baseline_acq-SPGR_,yes,yes,yes,yes
sub-wrap0363_ses-year2_acq-SPGR_,yes,yes,yes,yes
sub-wrap0363_ses-year3_acq-unknown_,yes,yes,yes,yes
sub-wrap0363_ses-year4_acq-SPGR_,yes,yes,yes,maybe
sub-wrap0367_ses-baseline_acq-MPRAGE_,yes,yes,yes,yes
sub-wrap0367_ses-year2_acq-SPGR_,yes,yes,yes,yes
sub-wrap0367_ses-year3_acq-SPGR_,yes,yes,yes,yes
sub-wrap0367_ses-year5_acq-unknown_,yes,yes,yes,yes
sub-wrap0369_ses-baseline_acq-MPRAGE_,yes,yes,yes,yes
sub-wrap0369_ses-year2_acq-SPGR_,yes,yes,yes,yes
sub-wrap0369_ses-year3_acq-SPGR_,yes,yes,yes,maybe
sub-wrap0370_ses-baseline_acq-SPGR_,yes,yes,yes,maybe
sub-wrap0370_ses-year2_acq-SPGR_,yes,yes,yes,yes
sub-wrap0373_ses-baseline_acq-MPRAGE_,yes,yes,yes,yes
sub-wrap0375_ses-baseline_acq-SPGR_,yes,yes,yes,yes
sub-wrap0375_ses-year2_acq-SPGR_,yes,yes,yes,yes
sub-wrap0375_ses-year3_acq-unknown_,yes,yes,yes,yes
sub-wrap0375_ses-year4_acq-unknown_,yes,yes,yes,yes
sub-wrap0376_ses-baseline_acq-SPGR_,maybe,yes,yes,yes
sub-wrap0376_ses-year2_acq-unknown_,yes,yes,maybe,yes
sub-wrap0386_ses-baseline_acq-SPGR_,yes,yes,yes,yes
sub-wrap0386_ses-year2_acq-SPGR_,yes,yes,yes,yes
sub-wrap0386_ses-year3_acq-unknown_,yes,yes,yes,yes
sub-wrap0386_ses-year4_acq-SPGR_,yes,yes,yes,yes
sub-wrap0387_ses-baseline_acq-MPRAGE_,yes,yes,yes,yes
sub-wrap0387_ses-year2_acq-SPGR_,yes,yes,yes,yes
sub-wrap0387_ses-year3_acq-SPGR_,yes,yes,yes,yes
sub-wrap0387_ses-year4_acq-unknown_,yes,yes,maybe,yes
sub-wrap0387_ses-year5_acq-unknown_,yes,yes,yes,yes
sub-wrap0387_ses-year6_acq-unknown_,yes,yes,yes,yes
sub-wrap0391_ses-baseline_acq-MPRAGE_,yes,yes,yes,yes
sub-wrap0391_ses-year2_acq-SPGR_,yes,yes,yes,yes
sub-wrap0391_ses-year3_acq-unknown_,yes,yes,yes,yes
sub-wrap0392_ses-baseline_acq-MPRAGE_run-1,yes,yes,yes,yes
sub-wrap0392_ses-baseline_acq-MPRAGE_run-2,yes,yes,yes,yes
sub-wrap0392_ses-year3_acq-SPGR_,yes,yes,yes,yes
sub-wrap0392_ses-year4_acq-unknown_,yes,yes,yes,yes
sub-wrap0393_ses-baseline_acq-MPRAGE_,yes,yes,yes,maybe
sub-wrap0393_ses-year2_acq-SPGR_,yes,yes,yes,yes
sub-wrap0393_ses-year3_acq-SPGR_,yes,yes,yes,yes
sub-wrap0394_ses-baseline_acq-MPRAGE_,yes,yes,yes,yes
sub-wrap0394_ses-year2_acq-SPGR_,yes,yes,yes,yes
sub-wrap0394_ses-year3_acq-SPGR_,yes,yes,yes,yes
sub-wrap0394_ses-year4_acq-SPGR_,yes,yes,yes,yes
sub-wrap0394_ses-year5_acq-SPGR_,yes,yes,yes,yes
sub-wrap0394_ses-year6_acq-unknown_,yes,yes,yes,yes
sub-wrap0394_ses-year7_acq-unknown_,yes,yes,yes,yes
sub-wrap0394_ses-year8_acq-SPGR_,yes,yes,yes,yes
sub-wrap0399_ses-year3_acq-SPGR_,yes,yes,yes,yes
sub-wrap0399_ses-year4_acq-SPGR_,yes,yes,yes,yes
sub-wrap0399_ses-year5_acq-unknown_,yes,yes,yes,yes
sub-wrap0399_ses-year6_acq-SPGR_,yes,yes,yes,maybe
sub-wrap0400_ses-baseline_acq-SPGR_,yes,yes,yes,yes
sub-wrap0400_ses-year2_acq-SPGR_,yes,yes,yes,yes
sub-wrap0400_ses-year3_acq-SPGR_,yes,yes,yes,yes
sub-wrap0401_ses-baseline_acq-SPGR_,yes,yes,yes,yes
sub-wrap0407_ses-baseline_acq-SPGR_,yes,yes,yes,no
sub-wrap0408_ses-baseline_acq-SPGR_,yes,yes,yes,yes
sub-wrap0408_ses-year2_acq-SPGR_run-1,yes,yes,yes,yes
sub-wrap0408_ses-year2_acq-SPGR_run-2,yes,yes,yes,yes
sub-wrap0408_ses-year3_acq-unknown_,yes,yes,yes,maybe
sub-wrap0411_ses-baseline_acq-SPGR_,yes,yes,yes,yes
sub-wrap0411_ses-year2_acq-SPGR_,yes,yes,yes,yes
sub-wrap0411_ses-year4_acq-SPGR_,yes,yes,yes,yes
sub-wrap0412_ses-baseline_acq-SPGR_,yes,yes,yes,yes
sub-wrap0413_ses-baseline_acq-SPGR_,yes,yes,yes,yes
sub-wrap0413_ses-year2_acq-SPGR_,yes,yes,yes,yes
sub-wrap0413_ses-year3_acq-unknown_,yes,yes,yes,yes
sub-wrap0413_ses-year4_acq-unknown_,yes,yes,yes,yes
sub-wrap0414_ses-baseline_acq-SPGR_,yes,yes,yes,yes
sub-wrap0414_ses-year2_acq-SPGR_,yes,yes,maybe,yes
sub-wrap0414_ses-year3_acq-SPGR_,yes,yes,yes,yes
sub-wrap0414_ses-year4_acq-SPGR_,yes,yes,maybe,maybe
sub-wrap0414_ses-year5_acq-SPGR_,yes,yes,yes,yes
sub-wrap0414_ses-year6_acq-unknown_,yes,yes,yes,yes
sub-wrap0414_ses-year7_acq-SPGR_,yes,yes,yes,yes
sub-wrap0418_ses-baseline_acq-unknown_,yes,yes,yes,yes
sub-wrap0422_ses-baseline_acq-SPGR_,yes,yes,yes,yes
sub-wrap0422_ses-year2_acq-SPGR_,maybe,yes,yes,yes
sub-wrap0422_ses-year3_acq-SPGR_,yes,yes,yes,yes
sub-wrap0422_ses-year4_acq-unknown_,yes,yes,yes,yes
sub-wrap0422_ses-year5_acq-SPGR_,yes,yes,yes,yes
sub-wrap0424_ses-baseline_acq-unknown_,yes,yes,yes,yes
sub-wrap0428_ses-baseline_acq-MPRAGE_,yes,yes,yes,yes
sub-wrap0428_ses-year2_acq-SPGR_,yes,yes,yes,yes
sub-wrap0428_ses-year3_acq-SPGR_,yes,yes,yes,yes
sub-wrap0428_ses-year4_acq-SPGR_,yes,yes,yes,yes
sub-wrap0428_ses-year5_acq-SPGR_,yes,yes,yes,yes
sub-wrap0430_ses-baseline_acq-SPGR_,yes,yes,yes,yes
sub-wrap0430_ses-year2_acq-SPGR_,yes,yes,yes,yes
sub-wrap0430_ses-year3_acq-SPGR_,yes,yes,yes,yes
sub-wrap0430_ses-year4_acq-SPGR_,yes,yes,yes,yes
sub-wrap0430_ses-year5_acq-unknown_,yes,yes,yes,yes
sub-wrap0431_ses-baseline_acq-SPGR_,yes,yes,yes,yes
sub-wrap0431_ses-year2_acq-SPGR_,yes,yes,yes,yes
sub-wrap0431_ses-year3_acq-SPGR_,yes,yes,yes,yes
sub-wrap0431_ses-year4_acq-SPGR_,yes,yes,yes,yes
sub-wrap0431_ses-year5_acq-unknown_,yes,yes,yes,maybe
sub-wrap0433_ses-baseline_acq-MPRAGE_,yes,yes,yes,yes
sub-wrap0433_ses-year2_acq-SPGR_,yes,yes,yes,yes
sub-wrap0433_ses-year3_acq-SPGR_,yes,yes,yes,yes
sub-wrap0434_ses-baseline_acq-SPGR_,yes,yes,yes,yes
sub-wrap0435_ses-baseline_acq-SPGR_,yes,yes,yes,yes
sub-wrap0436_ses-baseline_acq-MPRAGE_,yes,yes,yes,yes
sub-wrap0436_ses-year2_acq-SPGR_,yes,yes,yes,yes
sub-wrap0436_ses-year3_acq-SPGR_,yes,yes,yes,yes
sub-wrap0436_ses-year4_acq-SPGR_,yes,yes,yes,yes
sub-wrap0436_ses-year5_acq-SPGR_,yes,yes,yes,yes
sub-wrap0436_ses-year6_acq-unknown_,yes,yes,yes,yes
sub-wrap0436_ses-year7_acq-SPGR_,yes,yes,yes,yes
sub-wrap0438_ses-baseline_acq-unknown_,yes,yes,yes,yes
sub-wrap0439_ses-baseline_acq-SPGR_,yes,yes,yes,yes
sub-wrap0439_ses-year2_acq-SPGR_,yes,yes,yes,no
sub-wrap0439_ses-year3_acq-SPGR_,yes,yes,yes,yes
sub-wrap0439_ses-year4_acq-SPGR_,yes,yes,yes,yes
sub-wrap0439_ses-year5_acq-unknown_,yes,yes,yes,yes
sub-wrap0439_ses-year6_acq-unknown_,yes,yes,yes,yes
sub-wrap0439_ses-year7_acq-SPGR_,yes,yes,yes,no
sub-wrap0440_ses-baseline_acq-MPRAGE_,yes,yes,yes,maybe
sub-wrap0440_ses-year2_acq-SPGR_,yes,yes,yes,yes
sub-wrap0440_ses-year3_acq-SPGR_,yes,yes,yes,yes
sub-wrap0440_ses-year4_acq-SPGR_,yes,yes,yes,yes
sub-wrap0440_ses-year5_acq-SPGR_,yes,yes,yes,yes
sub-wrap0440_ses-year6_acq-unknown_,yes,yes,maybe,yes
sub-wrap0440_ses-year7_acq-unknown_,yes,yes,yes,yes
sub-wrap0440_ses-year8_acq-unknown_,yes,yes,yes,no
sub-wrap0440_ses-year9_acq-SPGR_,yes,yes,yes,yes
sub-wrap0441_ses-baseline_acq-unknown_,yes,yes,yes,yes
sub-wrap0444_ses-baseline_acq-MPRAGE_,yes,yes,yes,yes
sub-wrap0444_ses-year2_acq-SPGR_,maybe,yes,yes,maybe
sub-wrap0444_ses-year3_acq-unknown_,yes,yes,yes,yes
sub-wrap0444_ses-year4_acq-unknown_,yes,yes,yes,yes
sub-wrap0446_ses-baseline_acq-SPGR_,yes,yes,yes,yes
sub-wrap0447_ses-baseline_acq-SPGR_,maybe,yes,yes,yes
sub-wrap0447_ses-year2_acq-unknown_,yes,yes,yes,yes
sub-wrap0448_ses-baseline_acq-MPRAGE_,yes,yes,yes,yes
sub-wrap0450_ses-baseline_acq-MPRAGE_,yes,yes,yes,yes
sub-wrap0450_ses-year2_acq-unknown_,yes,yes,yes,yes
sub-wrap0450_ses-year3_acq-SPGR_,yes,yes,yes,yes
sub-wrap0451_ses-baseline_acq-unknown_,yes,yes,yes,maybe
sub-wrap0453_ses-year2_acq-SPGR_,yes,yes,yes,yes
sub-wrap0453_ses-year3_acq-SPGR_,yes,yes,yes,yes
sub-wrap0453_ses-year5_acq-unknown_,yes,yes,yes,yes
sub-wrap0453_ses-year6_acq-unknown_,yes,yes,yes,maybe
sub-wrap0453_ses-year7_acq-SPGR_,yes,yes,yes,no
sub-wrap0455_ses-baseline_acq-MPRAGE_,yes,yes,yes,yes
sub-wrap0455_ses-year2_acq-SPGR_,yes,yes,yes,yes
sub-wrap0455_ses-year3_acq-unknown_,yes,yes,yes,yes
sub-wrap0456_ses-baseline_acq-SPGR_,yes,yes,yes,yes
sub-wrap0456_ses-year2_acq-SPGR_,yes,yes,yes,yes
sub-wrap0456_ses-year3_acq-SPGR_,yes,yes,yes,yes
sub-wrap0456_ses-year4_acq-SPGR_,yes,yes,yes,yes
sub-wrap0456_ses-year5_acq-unknown_,yes,yes,yes,yes
sub-wrap0457_ses-baseline_acq-SPGR_,yes,yes,yes,yes
sub-wrap0457_ses-year2_acq-SPGR_,yes,yes,yes,yes
sub-wrap0457_ses-year3_acq-SPGR_,yes,yes,yes,yes
sub-wrap0457_ses-year4_acq-SPGR_,yes,yes,yes,yes
sub-wrap0457_ses-year5_acq-unknown_,yes,yes,yes,yes
sub-wrap0457_ses-year6_acq-SPGR_,yes,yes,yes,yes
sub-wrap0458_ses-baseline_acq-SPGR_,yes,yes,yes,yes
sub-wrap0459_ses-baseline_acq-SPGR_,yes,yes,yes,yes
sub-wrap0459_ses-year2_acq-SPGR_,yes,yes,yes,yes
sub-wrap0459_ses-year3_acq-SPGR_,yes,yes,yes,yes
sub-wrap0459_ses-year4_acq-SPGR_,yes,yes,yes,yes
sub-wrap0459_ses-year5_acq-unknown_,yes,yes,yes,yes
sub-wrap0459_ses-year6_acq-unknown_,yes,yes,yes,yes
sub-wrap0460_ses-baseline_acq-SPGR_,yes,yes,yes,yes
sub-wrap0460_ses-year2_acq-SPGR_,yes,yes,yes,yes
sub-wrap0460_ses-year3_acq-unknown_,yes,yes,yes,yes
sub-wrap0460_ses-year4_acq-unknown_,yes,yes,yes,yes
sub-wrap0463_ses-baseline_acq-SPGR_,yes,yes,yes,yes
sub-wrap0463_ses-year2_acq-SPGR_,yes,yes,yes,yes
sub-wrap0463_ses-year3_acq-SPGR_,yes,yes,yes,yes
sub-wrap0466_ses-baseline_acq-MPRAGE_,yes,yes,yes,yes
sub-wrap0466_ses-year2_acq-SPGR_,yes,yes,yes,yes
sub-wrap0466_ses-year3_acq-SPGR_,yes,yes,yes,yes
sub-wrap0468_ses-baseline_acq-SPGR_,maybe,yes,yes,yes
sub-wrap0468_ses-year2_acq-unknown_,yes,yes,yes,yes
sub-wrap0469_ses-baseline_acq-SPGR_,yes,yes,yes,maybe
sub-wrap0469_ses-year2_acq-unknown_,yes,yes,yes,yes
sub-wrap0470_ses-baseline_acq-MPRAGE_,yes,yes,yes,yes
sub-wrap0470_ses-year2_acq-SPGR_,yes,yes,yes,yes
sub-wrap0470_ses-year3_acq-SPGR_,yes,yes,yes,yes
sub-wrap0470_ses-year4_acq-SPGR_,yes,yes,yes,yes
sub-wrap0474_ses-baseline_acq-SPGR_,yes,yes,yes,yes
sub-wrap0474_ses-year2_acq-unknown_,yes,yes,yes,yes
sub-wrap0474_ses-year3_acq-unknown_,yes,yes,yes,yes
sub-wrap0475_ses-baseline_acq-SPGR_,yes,yes,yes,yes
sub-wrap0475_ses-year2_acq-SPGR_,yes,yes,yes,yes
sub-wrap0475_ses-year3_acq-SPGR_,yes,yes,yes,yes
sub-wrap0475_ses-year5_acq-unknown_,yes,yes,yes,yes
sub-wrap0475_ses-year6_acq-SPGR_,yes,yes,yes,yes
sub-wrap0477_ses-baseline_acq-SPGR_,yes,yes,yes,yes
sub-wrap0477_ses-year2_acq-SPGR_,yes,yes,yes,yes
sub-wrap0477_ses-year3_acq-SPGR_,yes,yes,yes,yes
sub-wrap0477_ses-year4_acq-SPGR_,yes,yes,yes,yes
sub-wrap0477_ses-year5_acq-unknown_,yes,yes,yes,no
sub-wrap0477_ses-year6_acq-SPGR_,yes,yes,yes,yes
sub-wrap0479_ses-baseline_acq-SPGR_,yes,yes,yes,yes
sub-wrap0479_ses-year2_acq-SPGR_,yes,yes,yes,yes
sub-wrap0481_ses-baseline_acq-SPGR_,yes,yes,yes,yes
sub-wrap0481_ses-year2_acq-SPGR_,yes,yes,yes,yes
sub-wrap0481_ses-year3_acq-SPGR_,yes,yes,yes,yes
sub-wrap0481_ses-year4_acq-SPGR_,yes,yes,yes,yes
sub-wrap0481_ses-year5_acq-unknown_,yes,yes,yes,yes
sub-wrap0481_ses-year6_acq-unknown_,yes,yes,yes,yes
sub-wrap0484_ses-baseline_acq-SPGR_,yes,yes,yes,yes
sub-wrap0484_ses-year2_acq-SPGR_,yes,yes,yes,yes
sub-wrap0484_ses-year3_acq-unknown_,yes,yes,yes,yes
sub-wrap0484_ses-year4_acq-SPGR_,yes,yes,yes,yes
sub-wrap0485_ses-baseline_acq-SPGR_,yes,yes,yes,yes
sub-wrap0485_ses-year2_acq-SPGR_,yes,yes,yes,yes
sub-wrap0485_ses-year3_acq-SPGR_,yes,yes,yes,yes
sub-wrap0487_ses-baseline_acq-SPGR_,yes,yes,yes,yes
sub-wrap0490_ses-baseline_acq-SPGR_,yes,yes,yes,yes
sub-wrap0490_ses-year2_acq-SPGR_,yes,yes,yes,yes
sub-wrap0490_ses-year3_acq-unknown_,yes,yes,maybe,maybe
sub-wrap0490_ses-year4_acq-unknown_,yes,yes,yes,yes
sub-wrap0494_ses-baseline_acq-MPRAGE_,yes,yes,yes,yes
sub-wrap0495_ses-baseline_acq-unknown_,yes,yes,yes,yes
sub-wrap0501_ses-baseline_acq-SPGR_,yes,yes,yes,yes
sub-wrap0501_ses-year2_acq-SPGR_,yes,yes,yes,yes
sub-wrap0502_ses-baseline_acq-unknown_,yes,yes,yes,yes
sub-wrap0509_ses-baseline_acq-SPGR_,yes,yes,yes,yes
sub-wrap0509_ses-year2_acq-SPGR_,yes,yes,yes,yes
sub-wrap0511_ses-year2_acq-SPGR_,yes,yes,yes,yes
sub-wrap0511_ses-year3_acq-SPGR_,yes,yes,yes,yes
sub-wrap0511_ses-year4_acq-unknown_,yes,yes,yes,yes
sub-wrap0511_ses-year5_acq-SPGR_,yes,yes,yes,yes
sub-wrap0512_ses-baseline_acq-SPGR_,yes,yes,yes,yes
sub-wrap0512_ses-year2_acq-SPGR_,yes,yes,yes,yes
sub-wrap0512_ses-year4_acq-unknown_,yes,yes,yes,yes
sub-wrap0514_ses-baseline_acq-MPRAGE_,yes,yes,yes,yes
sub-wrap0514_ses-year2_acq-SPGR_,yes,yes,yes,yes
sub-wrap0514_ses-year3_acq-SPGR_,yes,yes,yes,yes
sub-wrap0516_ses-baseline_acq-unknown_,yes,yes,yes,yes
sub-wrap0519_ses-baseline_acq-SPGR_,yes,yes,yes,yes
sub-wrap0522_ses-baseline_acq-SPGR_,yes,yes,yes,yes
sub-wrap0522_ses-year2_acq-unknown_,yes,yes,yes,yes
sub-wrap0522_ses-year3_acq-unknown_,yes,yes,yes,yes
sub-wrap0523_ses-baseline_acq-MPRAGE_,yes,yes,yes,no
sub-wrap0523_ses-year2_acq-SPGR_,yes,yes,yes,yes
sub-wrap0523_ses-year3_acq-SPGR_,yes,yes,yes,yes
sub-wrap0523_ses-year4_acq-unknown_,yes,yes,yes,yes
sub-wrap0524_ses-baseline_acq-SPGR_,yes,yes,yes,yes
sub-wrap0524_ses-year2_acq-SPGR_,yes,yes,yes,yes
sub-wrap0524_ses-year3_acq-SPGR_,yes,yes,yes,yes
sub-wrap0524_ses-year4_acq-SPGR_,yes,yes,yes,yes
sub-wrap0524_ses-year5_acq-unknown_,yes,yes,yes,yes
sub-wrap0524_ses-year6_acq-unknown_,yes,yes,yes,maybe
sub-wrap0526_ses-baseline_acq-SPGR_,yes,yes,yes,yes
sub-wrap0526_ses-year2_acq-SPGR_,yes,yes,yes,yes
sub-wrap0526_ses-year3_acq-SPGR_,yes,yes,yes,yes
sub-wrap0533_ses-baseline_acq-SPGR_,yes,yes,yes,yes
sub-wrap0533_ses-year2_acq-SPGR_,yes,yes,yes,yes
sub-wrap0534_ses-baseline_acq-SPGR_,yes,yes,yes,yes
sub-wrap0534_ses-year2_acq-SPGR_,yes,yes,yes,yes
sub-wrap0534_ses-year3_acq-unknown_,yes,yes,yes,yes
sub-wrap0538_ses-baseline_acq-SPGR_,yes,yes,yes,yes
sub-wrap0538_ses-year2_acq-SPGR_,yes,yes,yes,no
sub-wrap0538_ses-year3_acq-unknown_,yes,yes,yes,yes
sub-wrap0540_ses-baseline_acq-SPGR_,yes,yes,yes,yes
sub-wrap0540_ses-year2_acq-SPGR_,yes,yes,yes,yes
sub-wrap0540_ses-year3_acq-unknown_,yes,yes,yes,yes
sub-wrap0541_ses-year2_acq-SPGR_,yes,yes,yes,yes
sub-wrap0541_ses-year3_acq-unknown_,yes,yes,yes,yes
sub-wrap0541_ses-year4_acq-unknown_,yes,yes,yes,yes
sub-wrap0543_ses-baseline_acq-SPGR_,yes,yes,yes,yes
sub-wrap0545_ses-baseline_acq-SPGR_,yes,yes,yes,yes
sub-wrap0547_ses-baseline_acq-SPGR_,yes,yes,yes,yes
sub-wrap0547_ses-year2_acq-SPGR_,yes,yes,yes,yes
sub-wrap0547_ses-year3_acq-unknown_,yes,yes,yes,yes
sub-wrap0547_ses-year4_acq-unknown_,yes,yes,yes,yes
sub-wrap0554_ses-baseline_acq-SPGR_,yes,yes,yes,yes
sub-wrap0556_ses-baseline_acq-unknown_,yes,yes,yes,yes
sub-wrap0557_ses-baseline_acq-SPGR_,yes,yes,yes,yes
sub-wrap0557_ses-year3_acq-unknown_,yes,yes,yes,yes
sub-wrap0559_ses-baseline_acq-unknown_,yes,yes,yes,yes
sub-wrap0561_ses-baseline_acq-SPGR_,yes,yes,yes,yes
sub-wrap0561_ses-year2_acq-SPGR_,yes,yes,yes,yes
sub-wrap0561_ses-year3_acq-unknown_,yes,yes,yes,yes
sub-wrap0561_ses-year4_acq-SPGR_,maybe,yes,yes,no
sub-wrap0562_ses-baseline_acq-SPGR_,yes,yes,yes,no
sub-wrap0562_ses-year2_acq-SPGR_,yes,yes,yes,yes
sub-wrap0562_ses-year3_acq-SPGR_,yes,yes,yes,yes
sub-wrap0562_ses-year4_acq-SPGR_,yes,yes,yes,yes
sub-wrap0563_ses-baseline_acq-SPGR_,yes,yes,yes,yes
sub-wrap0563_ses-year2_acq-SPGR_,yes,yes,yes,yes
sub-wrap0563_ses-year3_acq-SPGR_,yes,yes,yes,yes
sub-wrap0563_ses-year4_acq-SPGR_,yes,yes,yes,yes
sub-wrap0563_ses-year5_acq-unknown_,yes,yes,yes,yes
sub-wrap0563_ses-year6_acq-unknown_,yes,yes,yes,yes
sub-wrap0566_ses-baseline_acq-SPGR_,yes,yes,yes,maybe
sub-wrap0566_ses-year2_acq-unknown_,yes,yes,yes,maybe
sub-wrap0567_ses-baseline_acq-SPGR_,yes,yes,yes,yes
sub-wrap0567_ses-year2_acq-SPGR_,yes,yes,yes,yes
sub-wrap0567_ses-year3_acq-SPGR_,yes,yes,yes,yes
sub-wrap0567_ses-year4_acq-SPGR_,yes,yes,yes,yes
sub-wrap0567_ses-year5_acq-SPGR_,yes,yes,yes,yes
sub-wrap0567_ses-year6_acq-SPGR_,yes,yes,yes,yes
sub-wrap0569_ses-baseline_acq-SPGR_,yes,yes,yes,yes
sub-wrap0569_ses-year2_acq-SPGR_,yes,yes,yes,yes
sub-wrap0569_ses-year3_acq-unknown_,yes,yes,yes,yes
sub-wrap0569_ses-year4_acq-SPGR_,yes,yes,yes,yes
sub-wrap0577_ses-baseline_acq-SPGR_,yes,yes,yes,maybe
sub-wrap0577_ses-year2_acq-SPGR_,yes,yes,yes,yes
sub-wrap0577_ses-year3_acq-SPGR_,yes,yes,yes,yes
sub-wrap0577_ses-year4_acq-unknown_,yes,yes,yes,yes
sub-wrap0577_ses-year5_acq-unknown_,yes,yes,yes,yes
sub-wrap0577_ses-year6_acq-SPGR_,yes,yes,yes,yes
sub-wrap0578_ses-baseline_acq-SPGR_,yes,yes,yes,yes
sub-wrap0578_ses-year2_acq-SPGR_,yes,yes,yes,yes
sub-wrap0578_ses-year3_acq-SPGR_,yes,yes,yes,yes
sub-wrap0579_ses-baseline_acq-SPGR_,yes,yes,yes,no
sub-wrap0579_ses-year2_acq-SPGR_,yes,yes,yes,yes
sub-wrap0579_ses-year3_acq-unknown_,yes,yes,yes,yes
sub-wrap0579_ses-year4_acq-SPGR_,yes,yes,yes,yes
sub-wrap0582_ses-baseline_acq-SPGR_,yes,yes,yes,yes
sub-wrap0582_ses-year2_acq-SPGR_,yes,yes,yes,yes
sub-wrap0582_ses-year3_acq-unknown_,yes,yes,yes,yes
sub-wrap0583_ses-baseline_acq-SPGR_,yes,yes,yes,yes
sub-wrap0583_ses-year2_acq-SPGR_,yes,yes,yes,yes
sub-wrap0583_ses-year3_acq-unknown_,yes,yes,yes,yes
sub-wrap0583_ses-year4_acq-unknown_,yes,yes,yes,yes
sub-wrap0583_ses-year5_acq-SPGR_,yes,yes,yes,yes
sub-wrap0586_ses-baseline_acq-SPGR_,yes,yes,yes,yes
sub-wrap0586_ses-year2_acq-SPGR_,yes,yes,yes,yes
sub-wrap0587_ses-baseline_acq-SPGR_,yes,yes,yes,maybe
sub-wrap0587_ses-year2_acq-SPGR_,yes,yes,yes,no
sub-wrap0588_ses-baseline_acq-SPGR_,yes,yes,yes,yes
sub-wrap0588_ses-year2_acq-SPGR_,yes,yes,yes,yes
sub-wrap0589_ses-baseline_acq-SPGR_,yes,yes,yes,yes
sub-wrap0589_ses-year2_acq-SPGR_,yes,yes,yes,yes
sub-wrap0589_ses-year3_acq-unknown_,yes,yes,yes,maybe
sub-wrap0589_ses-year4_acq-unknown_,yes,yes,yes,yes
sub-wrap0591_ses-year2_acq-SPGR_,yes,yes,yes,yes
sub-wrap0591_ses-year3_acq-SPGR_,yes,yes,yes,yes
sub-wrap0591_ses-year4_acq-unknown_,yes,yes,yes,maybe
sub-wrap0591_ses-year5_acq-SPGR_,yes,yes,yes,yes
sub-wrap0591_ses-year6_acq-unknown_,yes,yes,yes,yes
sub-wrap0594_ses-year2_acq-SPGR_,yes,yes,yes,yes
sub-wrap0595_ses-baseline_acq-SPGR_,yes,yes,yes,yes
sub-wrap0598_ses-baseline_acq-SPGR_,yes,yes,yes,yes
sub-wrap0602_ses-baseline_acq-SPGR_,yes,yes,yes,yes
sub-wrap0606_ses-baseline_acq-unknown_,yes,yes,yes,yes
sub-wrap0607_ses-baseline_acq-SPGR_,yes,yes,yes,maybe
sub-wrap0607_ses-year2_acq-SPGR_,yes,yes,yes,yes
sub-wrap0607_ses-year3_acq-SPGR_,yes,yes,yes,yes
sub-wrap0607_ses-year4_acq-SPGR_,yes,yes,yes,yes
sub-wrap0607_ses-year5_acq-unknown_,maybe,yes,yes,no
sub-wrap0609_ses-baseline_acq-SPGR_,yes,yes,yes,yes
sub-wrap0609_ses-year2_acq-SPGR_,yes,yes,yes,yes
sub-wrap0609_ses-year3_acq-unknown_,yes,yes,yes,yes
sub-wrap0609_ses-year4_acq-unknown_,yes,yes,yes,yes
sub-wrap0610_ses-baseline_acq-SPGR_,yes,yes,yes,yes
sub-wrap0610_ses-year2_acq-SPGR_,yes,yes,yes,yes
sub-wrap0610_ses-year3_acq-unknown_,yes,yes,yes,yes
sub-wrap0614_ses-baseline_acq-SPGR_,yes,yes,yes,maybe
sub-wrap0614_ses-year2_acq-SPGR_,yes,yes,yes,no
sub-wrap0614_ses-year3_acq-unknown_,yes,yes,yes,maybe
sub-wrap0614_ses-year4_acq-SPGR_,yes,yes,yes,yes
sub-wrap0616_ses-baseline_acq-SPGR_,yes,yes,yes,yes
sub-wrap0616_ses-year3_acq-SPGR_,yes,yes,yes,yes
sub-wrap0616_ses-year4_acq-unknown_,yes,yes,maybe,maybe
sub-wrap0616_ses-year5_acq-unknown_,yes,yes,yes,yes
sub-wrap0616_ses-year6_acq-SPGR_,yes,yes,yes,yes
sub-wrap0619_ses-baseline_acq-SPGR_,yes,yes,yes,yes
sub-wrap0619_ses-year2_acq-SPGR_,yes,yes,yes,yes
sub-wrap0621_ses-baseline_acq-SPGR_,yes,yes,yes,yes
sub-wrap0621_ses-year2_acq-SPGR_,yes,yes,yes,yes
sub-wrap0624_ses-baseline_acq-SPGR_,yes,yes,yes,yes
sub-wrap0624_ses-year2_acq-SPGR_,yes,yes,yes,yes
sub-wrap0627_ses-baseline_acq-unknown_,yes,yes,yes,yes
sub-wrap0628_ses-baseline_acq-unknown_,yes,yes,yes,yes
sub-wrap0629_ses-baseline_acq-SPGR_,yes,yes,yes,yes
sub-wrap0629_ses-year3_acq-SPGR_,yes,yes,yes,yes
sub-wrap0633_ses-baseline_acq-SPGR_,yes,yes,yes,yes
sub-wrap0633_ses-year2_acq-SPGR_,maybe,yes,yes,no
sub-wrap0633_ses-year4_acq-unknown_,yes,yes,yes,yes
sub-wrap0635_ses-baseline_acq-SPGR_,yes,yes,yes,yes
sub-wrap0636_ses-baseline_acq-SPGR_,yes,yes,yes,yes
sub-wrap0636_ses-year2_acq-SPGR_,yes,yes,yes,yes
sub-wrap0636_ses-year3_acq-unknown_,yes,yes,yes,yes
sub-wrap0637_ses-baseline_acq-SPGR_,yes,yes,yes,yes
sub-wrap0638_ses-year2_acq-unknown_,yes,yes,yes,maybe
sub-wrap0639_ses-baseline_acq-unknown_,yes,yes,maybe,yes
sub-wrap0639_ses-year3_acq-unknown_,yes,yes,yes,yes
sub-wrap0640_ses-baseline_acq-SPGR_,yes,yes,yes,yes
sub-wrap0640_ses-year2_acq-SPGR_,yes,yes,yes,yes
sub-wrap0640_ses-year3_acq-unknown_,yes,yes,yes,yes
sub-wrap0647_ses-baseline_acq-SPGR_,yes,yes,yes,yes
sub-wrap0649_ses-baseline_acq-SPGR_,yes,yes,yes,yes
sub-wrap0649_ses-year2_acq-SPGR_,yes,yes,yes,yes
sub-wrap0649_ses-year3_acq-SPGR_,yes,yes,yes,yes
sub-wrap0649_ses-year4_acq-SPGR_,yes,yes,yes,yes
sub-wrap0650_ses-baseline_acq-SPGR_,yes,yes,yes,yes
sub-wrap0650_ses-year2_acq-SPGR_,yes,yes,yes,yes
sub-wrap0650_ses-year3_acq-SPGR_,yes,yes,yes,yes
sub-wrap0651_ses-year2_acq-unknown_,yes,yes,yes,yes
sub-wrap0651_ses-year3_acq-unknown_,yes,yes,yes,yes
sub-wrap0652_ses-year2_acq-SPGR_,yes,yes,yes,yes
sub-wrap0654_ses-baseline_acq-unknown_,yes,yes,yes,yes
sub-wrap0656_ses-baseline_acq-SPGR_,yes,yes,yes,yes
sub-wrap0657_ses-baseline_acq-SPGR_,yes,yes,yes,yes
sub-wrap0660_ses-baseline_acq-unknown_run-1,yes,yes,yes,yes
sub-wrap0660_ses-baseline_acq-unknown_run-2,yes,yes,yes,yes
sub-wrap0662_ses-baseline_acq-SPGR_,yes,yes,yes,yes
sub-wrap0666_ses-baseline_acq-unknown_,yes,yes,yes,yes
sub-wrap0671_ses-year2_acq-SPGR_,yes,yes,yes,yes
sub-wrap0671_ses-year3_acq-unknown_,yes,yes,yes,yes
sub-wrap0677_ses-baseline_acq-SPGR_,yes,yes,yes,no
sub-wrap0677_ses-year2_acq-SPGR_,yes,yes,yes,yes
sub-wrap0677_ses-year3_acq-unknown_,yes,yes,yes,yes
sub-wrap0677_ses-year4_acq-unknown_,yes,yes,yes,yes
sub-wrap0680_ses-baseline_acq-unknown_,yes,yes,yes,yes
sub-wrap0683_ses-baseline_acq-SPGR_,yes,yes,yes,yes
sub-wrap0683_ses-year2_acq-SPGR_,yes,yes,yes,yes
sub-wrap0684_ses-baseline_acq-SPGR_,yes,yes,yes,yes
sub-wrap0684_ses-year2_acq-SPGR_,yes,yes,yes,yes
sub-wrap0684_ses-year3_acq-SPGR_,yes,yes,yes,yes
sub-wrap0684_ses-year4_acq-unknown_,yes,yes,maybe,maybe
sub-wrap0684_ses-year6_acq-unknown_,yes,yes,yes,yes
sub-wrap0684_ses-year7_acq-SPGR_,yes,yes,yes,yes
sub-wrap0686_ses-baseline_acq-SPGR_,yes,yes,yes,yes
sub-wrap0686_ses-year2_acq-SPGR_,yes,yes,yes,yes
sub-wrap0689_ses-baseline_acq-SPGR_,yes,yes,yes,yes
sub-wrap0689_ses-year2_acq-SPGR_,yes,yes,yes,yes
sub-wrap0689_ses-year4_acq-SPGR_,yes,yes,yes,yes
sub-wrap0689_ses-year5_acq-unknown_,yes,yes,yes,yes
sub-wrap0689_ses-year6_acq-unknown_,yes,yes,yes,yes
sub-wrap0689_ses-year7_acq-unknown_,yes,yes,yes,yes
sub-wrap0689_ses-year8_acq-SPGR_,yes,yes,yes,yes
sub-wrap0690_ses-baseline_acq-SPGR_,yes,yes,yes,yes
sub-wrap0690_ses-year2_acq-SPGR_,yes,yes,yes,maybe
sub-wrap0690_ses-year4_acq-unknown_,yes,yes,yes,yes
sub-wrap0692_ses-baseline_acq-SPGR_,yes,yes,yes,yes
sub-wrap0692_ses-year2_acq-SPGR_,yes,yes,yes,yes
sub-wrap0693_ses-baseline_acq-unknown_,yes,yes,yes,yes
sub-wrap0695_ses-baseline_acq-SPGR_,yes,yes,yes,no
sub-wrap0695_ses-year2_acq-SPGR_,yes,yes,yes,yes
sub-wrap0695_ses-year3_acq-SPGR_,yes,yes,yes,yes
sub-wrap0695_ses-year4_acq-SPGR_,yes,yes,yes,yes
sub-wrap0695_ses-year5_acq-unknown_,yes,yes,yes,yes
sub-wrap0695_ses-year6_acq-SPGR_,yes,yes,yes,yes
sub-wrap0696_ses-baseline_acq-SPGR_,yes,yes,yes,yes
sub-wrap0696_ses-year3_acq-SPGR_,maybe,yes,yes,yes
sub-wrap0696_ses-year4_acq-SPGR_,yes,yes,yes,yes
sub-wrap0696_ses-year5_acq-unknown_,yes,yes,yes,yes
sub-wrap0696_ses-year6_acq-SPGR_,yes,yes,yes,yes
sub-wrap0697_ses-baseline_acq-SPGR_,yes,yes,yes,yes
sub-wrap0697_ses-year2_acq-SPGR_,yes,yes,yes,yes
sub-wrap0697_ses-year3_acq-SPGR_,yes,yes,yes,yes
sub-wrap0697_ses-year4_acq-SPGR_,yes,yes,yes,yes
sub-wrap0698_ses-baseline_acq-SPGR_,yes,yes,yes,yes
sub-wrap0699_ses-baseline_acq-SPGR_,yes,yes,yes,yes
sub-wrap0699_ses-year2_acq-SPGR_,yes,yes,yes,yes
sub-wrap0699_ses-year3_acq-SPGR_,yes,yes,yes,yes
sub-wrap0699_ses-year4_acq-unknown_,yes,yes,yes,yes
sub-wrap0699_ses-year5_acq-unknown_,yes,yes,yes,yes
sub-wrap0699_ses-year6_acq-SPGR_,yes,yes,yes,yes
sub-wrap0700_ses-baseline_acq-SPGR_,yes,yes,yes,yes
sub-wrap0700_ses-year2_acq-SPGR_,yes,yes,yes,yes
sub-wrap0701_ses-baseline_acq-SPGR_,yes,yes,yes,yes
sub-wrap0701_ses-year3_acq-unknown_,yes,yes,yes,yes
sub-wrap0701_ses-year4_acq-unknown_,yes,yes,yes,yes
sub-wrap0702_ses-baseline_acq-SPGR_,yes,yes,yes,yes
sub-wrap0702_ses-year2_acq-SPGR_,yes,yes,yes,yes
sub-wrap0702_ses-year3_acq-SPGR_,yes,yes,yes,yes
sub-wrap0702_ses-year4_acq-SPGR_,yes,yes,yes,yes
sub-wrap0702_ses-year5_acq-unknown_,yes,yes,yes,yes
sub-wrap0702_ses-year6_acq-unknown_,yes,yes,yes,yes
sub-wrap0702_ses-year7_acq-SPGR_,yes,yes,yes,yes
sub-wrap0703_ses-year2_acq-unknown_,yes,yes,yes,yes
sub-wrap0705_ses-baseline_acq-SPGR_,yes,yes,yes,yes
sub-wrap0705_ses-year2_acq-SPGR_,yes,yes,yes,yes
sub-wrap0705_ses-year3_acq-unknown_run-1,yes,yes,yes,yes
sub-wrap0705_ses-year3_acq-unknown_run-2,yes,yes,yes,yes
sub-wrap0705_ses-year4_acq-unknown_,yes,yes,yes,yes
sub-wrap0706_ses-baseline_acq-unknown_,yes,yes,yes,yes
sub-wrap0707_ses-baseline_acq-SPGR_,yes,yes,yes,yes
sub-wrap0707_ses-year2_acq-SPGR_,yes,yes,yes,maybe
sub-wrap0707_ses-year3_acq-SPGR_,yes,yes,yes,yes
sub-wrap0707_ses-year4_acq-unknown_,yes,yes,yes,maybe
sub-wrap0707_ses-year5_acq-SPGR_,yes,yes,yes,yes
sub-wrap0707_ses-year6_acq-unknown_,yes,yes,yes,yes
sub-wrap0708_ses-baseline_acq-SPGR_,yes,yes,yes,yes
sub-wrap0708_ses-year2_acq-SPGR_,yes,yes,yes,yes
sub-wrap0708_ses-year3_acq-unknown_,yes,yes,yes,yes
sub-wrap0708_ses-year4_acq-unknown_,yes,yes,yes,yes
sub-wrap0709_ses-baseline_acq-SPGR_,yes,yes,yes,no
sub-wrap0709_ses-year2_acq-SPGR_,yes,yes,yes,yes
sub-wrap0710_ses-baseline_acq-SPGR_,yes,yes,yes,yes
sub-wrap0710_ses-year2_acq-SPGR_,yes,yes,yes,yes
sub-wrap0710_ses-year3_acq-SPGR_,yes,yes,yes,yes
sub-wrap0711_ses-baseline_acq-SPGR_,yes,yes,yes,yes
sub-wrap0711_ses-year2_acq-SPGR_,yes,yes,yes,yes
sub-wrap0711_ses-year3_acq-unknown_,yes,yes,yes,yes
sub-wrap0715_ses-baseline_acq-SPGR_,yes,yes,yes,yes
sub-wrap0715_ses-year2_acq-SPGR_,yes,yes,yes,yes
sub-wrap0715_ses-year3_acq-unknown_,yes,yes,yes,yes
sub-wrap0718_ses-baseline_acq-SPGR_run-1,maybe,yes,yes,no
sub-wrap0718_ses-baseline_acq-SPGR_run-2,maybe,yes,yes,maybe
sub-wrap0719_ses-baseline_acq-SPGR_,maybe,yes,yes,maybe
sub-wrap0719_ses-year2_acq-SPGR_,yes,yes,yes,no
sub-wrap0719_ses-year3_acq-SPGR_,yes,yes,yes,no
sub-wrap0719_ses-year4_acq-SPGR_,yes,yes,yes,yes
sub-wrap0719_ses-year5_acq-SPGR_,yes,yes,yes,yes
sub-wrap0719_ses-year6_acq-SPGR_,yes,yes,yes,yes
sub-wrap0720_ses-baseline_acq-SPGR_,yes,yes,maybe,yes
sub-wrap0720_ses-year2_acq-SPGR_,yes,yes,yes,yes
sub-wrap0720_ses-year3_acq-SPGR_,yes,yes,yes,yes
sub-wrap0720_ses-year4_acq-SPGR_,yes,yes,yes,yes
sub-wrap0720_ses-year5_acq-SPGR_,yes,yes,yes,maybe
sub-wrap0720_ses-year6_acq-SPGR_,yes,yes,yes,yes
sub-wrap0720_ses-year7_acq-unknown_,yes,yes,yes,yes
sub-wrap0720_ses-year8_acq-SPGR_,yes,yes,yes,yes
sub-wrap0721_ses-year2_acq-SPGR_,yes,yes,yes,yes
sub-wrap0722_ses-baseline_acq-unknown_,yes,yes,yes,yes
sub-wrap0723_ses-baseline_acq-SPGR_,yes,yes,yes,yes
sub-wrap0723_ses-year2_acq-SPGR_,yes,yes,yes,yes
sub-wrap0723_ses-year3_acq-unknown_,yes,maybe,yes,maybe
sub-wrap0723_ses-year4_acq-unknown_,yes,yes,yes,yes
sub-wrap0723_ses-year5_acq-unknown_,yes,yes,yes,yes
sub-wrap0724_ses-baseline_acq-SPGR_,yes,yes,yes,yes
sub-wrap0724_ses-year2_acq-SPGR_,yes,yes,yes,yes
sub-wrap0725_ses-baseline_acq-SPGR_,yes,yes,yes,yes
sub-wrap0725_ses-year2_acq-SPGR_,yes,yes,yes,yes
sub-wrap0725_ses-year3_acq-SPGR_,yes,yes,yes,yes
sub-wrap0725_ses-year4_acq-SPGR_,yes,yes,yes,yes
sub-wrap0725_ses-year5_acq-unknown_,yes,yes,yes,maybe
sub-wrap0725_ses-year6_acq-unknown_,yes,yes,yes,yes
sub-wrap0726_ses-year2_acq-SPGR_,yes,yes,yes,yes
sub-wrap0726_ses-year3_acq-SPGR_,yes,yes,yes,yes
sub-wrap0726_ses-year4_acq-unknown_,yes,yes,yes,yes
sub-wrap0726_ses-year5_acq-SPGR_,yes,yes,yes,yes
sub-wrap0727_ses-baseline_acq-SPGR_,yes,yes,yes,yes
sub-wrap0731_ses-baseline_acq-SPGR_,yes,yes,yes,yes
sub-wrap0731_ses-year2_acq-SPGR_,yes,yes,yes,yes
sub-wrap0731_ses-year3_acq-unknown_,yes,yes,yes,maybe
sub-wrap0731_ses-year4_acq-unknown_,yes,yes,yes,yes
sub-wrap0731_ses-year5_acq-SPGR_,yes,yes,yes,yes
sub-wrap0732_ses-baseline_acq-SPGR_,yes,yes,yes,yes
sub-wrap0732_ses-year2_acq-SPGR_,no,yes,yes,no
sub-wrap0734_ses-baseline_acq-unknown_,yes,yes,yes,yes
sub-wrap0740_ses-baseline_acq-SPGR_,yes,yes,yes,no
sub-wrap0740_ses-year2_acq-SPGR_,yes,yes,yes,yes
sub-wrap0740_ses-year3_acq-unknown_,yes,yes,yes,yes
sub-wrap0741_ses-baseline_acq-SPGR_,yes,yes,yes,yes
sub-wrap0741_ses-year2_acq-SPGR_,maybe,yes,yes,no
sub-wrap0741_ses-year3_acq-unknown_,yes,yes,yes,yes
sub-wrap0743_ses-baseline_acq-unknown_,yes,yes,yes,yes
sub-wrap0744_ses-baseline_acq-unknown_,yes,yes,yes,yes
sub-wrap0744_ses-year2_acq-unknown_,yes,yes,yes,yes
sub-wrap0745_ses-baseline_acq-unknown_,yes,yes,yes,yes
sub-wrap0747_ses-baseline_acq-SPGR_,yes,yes,yes,yes
sub-wrap0747_ses-year2_acq-unknown_,yes,yes,yes,yes
sub-wrap0749_ses-baseline_acq-unknown_,yes,yes,yes,yes
sub-wrap0756_ses-baseline_acq-SPGR_,yes,yes,yes,yes
sub-wrap0756_ses-year2_acq-SPGR_,yes,yes,yes,yes
sub-wrap0757_ses-baseline_acq-SPGR_,yes,yes,yes,yes
sub-wrap0760_ses-baseline_acq-SPGR_,yes,yes,yes,yes
sub-wrap0760_ses-year2_acq-SPGR_,yes,yes,yes,yes
sub-wrap0760_ses-year3_acq-SPGR_,yes,yes,yes,yes
sub-wrap0761_ses-baseline_acq-SPGR_,yes,yes,yes,yes
sub-wrap0761_ses-year2_acq-SPGR_,yes,yes,yes,yes
sub-wrap0761_ses-year3_acq-unknown_,yes,yes,yes,yes
sub-wrap0764_ses-baseline_acq-SPGR_,yes,yes,yes,yes
sub-wrap0764_ses-year2_acq-SPGR_run-1,yes,yes,yes,yes
sub-wrap0764_ses-year2_acq-SPGR_run-2,yes,yes,yes,yes
sub-wrap0764_ses-year3_acq-unknown_,yes,yes,yes,yes
sub-wrap0764_ses-year4_acq-SPGR_,yes,yes,yes,yes
sub-wrap0766_ses-baseline_acq-SPGR_,yes,yes,yes,yes
sub-wrap0766_ses-year2_acq-SPGR_,yes,yes,yes,yes
sub-wrap0766_ses-year3_acq-unknown_,yes,yes,yes,yes
sub-wrap0770_ses-baseline_acq-SPGR_,yes,yes,yes,yes
sub-wrap0770_ses-year2_acq-SPGR_,yes,yes,yes,yes
sub-wrap0770_ses-year3_acq-unknown_,yes,yes,yes,yes
sub-wrap0772_ses-baseline_acq-SPGR_,yes,yes,yes,yes
sub-wrap0772_ses-year2_acq-SPGR_,yes,yes,yes,yes
sub-wrap0772_ses-year3_acq-unknown_,yes,yes,maybe,yes
sub-wrap0773_ses-baseline_acq-SPGR_,yes,yes,yes,yes
sub-wrap0773_ses-year2_acq-SPGR_,yes,yes,yes,yes
sub-wrap0774_ses-baseline_acq-SPGR_,yes,yes,yes,yes
sub-wrap0774_ses-year2_acq-SPGR_,yes,yes,yes,yes
sub-wrap0774_ses-year3_acq-unknown_,yes,yes,yes,yes
sub-wrap0776_ses-baseline_acq-SPGR_,yes,yes,yes,yes
sub-wrap0776_ses-year2_acq-SPGR_,yes,yes,yes,yes
sub-wrap0778_ses-baseline_acq-SPGR_,yes,yes,yes,yes
sub-wrap0778_ses-year2_acq-SPGR_,yes,yes,yes,yes
sub-wrap0779_ses-baseline_acq-SPGR_,yes,yes,yes,yes
sub-wrap0779_ses-year2_acq-SPGR_,yes,yes,yes,yes
sub-wrap0780_ses-baseline_acq-unknown_,yes,yes,yes,yes
sub-wrap0786_ses-baseline_acq-unknown_,yes,yes,yes,maybe
sub-wrap0789_ses-baseline_acq-SPGR_,yes,yes,yes,yes
sub-wrap0791_ses-baseline_acq-SPGR_,yes,yes,yes,yes
sub-wrap0791_ses-year2_acq-SPGR_,yes,yes,yes,yes
sub-wrap0791_ses-year3_acq-SPGR_,yes,yes,yes,yes
sub-wrap0791_ses-year4_acq-unknown_,yes,yes,yes,yes
sub-wrap0791_ses-year5_acq-SPGR_,yes,yes,yes,yes
sub-wrap0791_ses-year6_acq-unknown_,yes,yes,yes,yes
sub-wrap0798_ses-baseline_acq-SPGR_,yes,yes,yes,yes
sub-wrap0799_ses-baseline_acq-SPGR_,maybe,yes,yes,maybe
sub-wrap0801_ses-baseline_acq-SPGR_,yes,yes,yes,yes
sub-wrap0801_ses-year2_acq-SPGR_,yes,yes,yes,yes
sub-wrap0801_ses-year3_acq-unknown_,yes,yes,yes,yes
sub-wrap0801_ses-year4_acq-SPGR_,yes,yes,yes,yes
sub-wrap0802_ses-baseline_acq-unknown_,yes,yes,yes,yes
sub-wrap0802_ses-year2_acq-unknown_,yes,yes,yes,yes
sub-wrap0804_ses-baseline_acq-SPGR_,yes,yes,yes,yes
sub-wrap0804_ses-year2_acq-unknown_,yes,yes,yes,yes
sub-wrap0807_ses-baseline_acq-unknown_,yes,yes,yes,yes
sub-wrap0807_ses-year2_acq-unknown_,yes,yes,yes,yes
sub-wrap0808_ses-baseline_acq-unknown_,yes,yes,yes,yes
sub-wrap0808_ses-year2_acq-unknown_,yes,yes,yes,yes
sub-wrap0811_ses-baseline_acq-SPGR_,yes,yes,yes,yes
sub-wrap0811_ses-year2_acq-SPGR_,yes,yes,yes,yes
sub-wrap0811_ses-year3_acq-SPGR_,yes,yes,yes,yes
sub-wrap0811_ses-year4_acq-unknown_,yes,yes,yes,yes
sub-wrap0811_ses-year5_acq-SPGR_,yes,yes,yes,yes
sub-wrap0813_ses-baseline_acq-SPGR_,yes,yes,yes,yes
sub-wrap0813_ses-year2_acq-SPGR_,yes,yes,yes,yes
sub-wrap0813_ses-year3_acq-unknown_,yes,yes,yes,yes
sub-wrap0817_ses-baseline_acq-SPGR_,yes,yes,yes,yes
sub-wrap0817_ses-year2_acq-SPGR_,yes,yes,yes,yes
sub-wrap0817_ses-year3_acq-unknown_,yes,yes,yes,yes
sub-wrap0817_ses-year4_acq-unknown_,yes,yes,yes,yes
sub-wrap0818_ses-baseline_acq-SPGR_,yes,yes,yes,yes
sub-wrap0821_ses-baseline_acq-SPGR_,yes,yes,yes,yes
sub-wrap0821_ses-year2_acq-SPGR_,yes,yes,yes,yes
sub-wrap0826_ses-baseline_acq-SPGR_,yes,yes,yes,yes
sub-wrap0826_ses-year2_acq-SPGR_,yes,yes,yes,yes
sub-wrap0826_ses-year3_acq-unknown_,yes,yes,yes,yes
sub-wrap0826_ses-year4_acq-unknown_,yes,yes,yes,yes
sub-wrap0827_ses-baseline_acq-SPGR_,yes,yes,yes,yes
sub-wrap0827_ses-year2_acq-SPGR_,yes,yes,yes,yes
sub-wrap0827_ses-year3_acq-unknown_,yes,yes,maybe,yes
sub-wrap0827_ses-year4_acq-unknown_run-1,yes,yes,yes,yes
sub-wrap0827_ses-year4_acq-unknown_run-2,yes,yes,yes,yes
sub-wrap0828_ses-baseline_acq-unknown_,yes,yes,yes,yes
sub-wrap0829_ses-year2_acq-SPGR_,yes,yes,yes,yes
sub-wrap0831_ses-baseline_acq-SPGR_,yes,yes,yes,yes
sub-wrap0831_ses-year2_acq-SPGR_,yes,yes,yes,yes
sub-wrap0831_ses-year3_acq-SPGR_,yes,yes,yes,yes
sub-wrap0831_ses-year4_acq-SPGR_,yes,yes,yes,yes
sub-wrap0831_ses-year5_acq-unknown_,yes,yes,yes,yes
sub-wrap0831_ses-year6_acq-unknown_,yes,yes,yes,yes
sub-wrap0832_ses-baseline_acq-SPGR_,yes,yes,yes,yes
sub-wrap0832_ses-year2_acq-SPGR_,yes,yes,yes,yes
sub-wrap0832_ses-year3_acq-unknown_,yes,yes,yes,yes
sub-wrap0832_ses-year4_acq-unknown_,yes,yes,yes,yes
sub-wrap0835_ses-baseline_acq-SPGR_,yes,yes,yes,yes
sub-wrap0835_ses-year2_acq-unknown_,yes,yes,yes,yes
sub-wrap0836_ses-baseline_acq-SPGR_,yes,yes,yes,maybe
sub-wrap0836_ses-year2_acq-SPGR_,yes,yes,yes,yes
sub-wrap0840_ses-baseline_acq-SPGR_,yes,yes,yes,yes
sub-wrap0840_ses-year2_acq-SPGR_,yes,yes,yes,yes
sub-wrap0840_ses-year3_acq-unknown_,yes,yes,yes,yes
sub-wrap0840_ses-year4_acq-SPGR_,yes,yes,yes,yes
sub-wrap0845_ses-baseline_acq-unknown_,yes,yes,yes,yes
sub-wrap0846_ses-baseline_acq-SPGR_,yes,yes,yes,yes
sub-wrap0846_ses-year2_acq-SPGR_,yes,yes,yes,yes
sub-wrap0846_ses-year3_acq-SPGR_,yes,yes,yes,yes
sub-wrap0846_ses-year4_acq-unknown_,yes,yes,yes,yes
sub-wrap0846_ses-year5_acq-SPGR_,yes,yes,yes,yes
sub-wrap0847_ses-baseline_acq-SPGR_,yes,yes,yes,yes
sub-wrap0847_ses-year2_acq-SPGR_,yes,yes,yes,yes
sub-wrap0847_ses-year3_acq-unknown_,yes,yes,yes,yes
sub-wrap0847_ses-year4_acq-unknown_,yes,yes,yes,yes
sub-wrap0848_ses-baseline_acq-SPGR_,yes,yes,yes,yes
sub-wrap0848_ses-year2_acq-SPGR_,yes,yes,yes,yes
sub-wrap0848_ses-year3_acq-unknown_,yes,yes,yes,yes
sub-wrap0848_ses-year4_acq-unknown_,yes,yes,yes,yes
sub-wrap0849_ses-year2_acq-SPGR_,yes,yes,yes,yes
sub-wrap0851_ses-baseline_acq-SPGR_,yes,yes,yes,yes
sub-wrap0851_ses-year2_acq-SPGR_,yes,yes,yes,yes
sub-wrap0851_ses-year3_acq-SPGR_,yes,yes,yes,yes
sub-wrap0851_ses-year4_acq-unknown_,yes,yes,maybe,yes
sub-wrap0851_ses-year5_acq-unknown_,yes,yes,yes,yes
sub-wrap0854_ses-year2_acq-SPGR_,yes,yes,yes,yes
sub-wrap0854_ses-year3_acq-unknown_,yes,yes,yes,yes
sub-wrap0854_ses-year4_acq-unknown_,yes,yes,yes,yes
sub-wrap0855_ses-baseline_acq-SPGR_,yes,yes,yes,yes
sub-wrap0855_ses-year2_acq-SPGR_,yes,yes,yes,yes
sub-wrap0855_ses-year3_acq-unknown_,yes,yes,yes,yes
sub-wrap0855_ses-year4_acq-unknown_,yes,yes,yes,yes
sub-wrap0857_ses-baseline_acq-SPGR_,yes,yes,yes,yes
sub-wrap0857_ses-year2_acq-SPGR_,yes,yes,yes,yes
sub-wrap0857_ses-year3_acq-SPGR_,yes,yes,yes,yes
sub-wrap0857_ses-year4_acq-SPGR_,yes,yes,yes,yes
sub-wrap0857_ses-year5_acq-SPGR_,yes,yes,yes,yes
sub-wrap0857_ses-year6_acq-unknown_,yes,yes,yes,yes
sub-wrap0857_ses-year7_acq-SPGR_,yes,yes,yes,yes
sub-wrap0859_ses-baseline_acq-SPGR_,yes,yes,yes,yes
sub-wrap0859_ses-year2_acq-SPGR_,yes,yes,yes,yes
sub-wrap0859_ses-year3_acq-unknown_,yes,yes,yes,yes
sub-wrap0859_ses-year4_acq-SPGR_,yes,yes,yes,yes
sub-wrap0860_ses-baseline_acq-SPGR_,yes,yes,yes,yes
sub-wrap0860_ses-year2_acq-SPGR_,yes,yes,yes,yes
sub-wrap0860_ses-year3_acq-unknown_,yes,yes,yes,yes
sub-wrap0860_ses-year4_acq-unknown_,no,yes,yes,no
sub-wrap0863_ses-baseline_acq-SPGR_,yes,yes,yes,yes
sub-wrap0863_ses-year2_acq-SPGR_,yes,yes,yes,yes
sub-wrap0863_ses-year3_acq-SPGR_,yes,yes,yes,yes
sub-wrap0863_ses-year4_acq-SPGR_,yes,yes,yes,yes
sub-wrap0863_ses-year5_acq-unknown_,yes,yes,maybe,yes
sub-wrap0863_ses-year6_acq-unknown_,yes,yes,yes,yes
sub-wrap0867_ses-year2_acq-SPGR_,yes,yes,yes,yes
sub-wrap0868_ses-baseline_acq-SPGR_,yes,yes,yes,yes
sub-wrap0868_ses-year2_acq-SPGR_,yes,yes,yes,yes
sub-wrap0868_ses-year3_acq-SPGR_,yes,yes,yes,yes
sub-wrap0869_ses-baseline_acq-SPGR_,yes,yes,yes,yes
sub-wrap0869_ses-year2_acq-SPGR_,yes,yes,yes,yes
sub-wrap0869_ses-year3_acq-SPGR_,yes,yes,yes,yes
sub-wrap0869_ses-year4_acq-unknown_,yes,yes,yes,yes
sub-wrap0870_ses-year2_acq-SPGR_,yes,yes,yes,yes
sub-wrap0870_ses-year3_acq-SPGR_,yes,yes,yes,yes
sub-wrap0870_ses-year4_acq-SPGR_,yes,yes,yes,yes
sub-wrap0870_ses-year5_acq-unknown_,yes,yes,yes,yes
sub-wrap0871_ses-baseline_acq-SPGR_,yes,yes,yes,no
sub-wrap0871_ses-year2_acq-SPGR_,yes,yes,yes,yes
sub-wrap0871_ses-year3_acq-SPGR_,yes,yes,yes,yes
sub-wrap0871_ses-year4_acq-SPGR_,yes,yes,yes,yes
sub-wrap0871_ses-year5_acq-unknown_,yes,yes,yes,yes
sub-wrap0871_ses-year6_acq-SPGR_,yes,yes,yes,yes
sub-wrap0873_ses-baseline_acq-unknown_,yes,yes,yes,maybe
sub-wrap0873_ses-year2_acq-unknown_,yes,yes,yes,yes
sub-wrap0875_ses-baseline_acq-SPGR_,yes,yes,yes,no
sub-wrap0875_ses-year2_acq-SPGR_,yes,yes,yes,yes
sub-wrap0875_ses-year3_acq-SPGR_,yes,yes,yes,yes
sub-wrap0875_ses-year4_acq-unknown_,yes,yes,yes,yes
sub-wrap0879_ses-baseline_acq-SPGR_,yes,yes,yes,yes
sub-wrap0879_ses-year2_acq-SPGR_,yes,yes,yes,yes
sub-wrap0879_ses-year3_acq-SPGR_,yes,yes,yes,yes
sub-wrap0879_ses-year4_acq-SPGR_,yes,yes,yes,yes
sub-wrap0879_ses-year5_acq-unknown_,yes,yes,yes,yes
sub-wrap0888_ses-baseline_acq-unknown_,yes,yes,yes,yes
sub-wrap0894_ses-baseline_acq-SPGR_,yes,yes,yes,yes
sub-wrap0894_ses-year2_acq-SPGR_,yes,yes,yes,yes
sub-wrap0894_ses-year4_acq-SPGR_,yes,yes,yes,yes
sub-wrap0895_ses-baseline_acq-unknown_,yes,yes,yes,yes
sub-wrap0896_ses-baseline_acq-SPGR_,yes,yes,yes,yes
sub-wrap0899_ses-baseline_acq-SPGR_,yes,yes,yes,yes
sub-wrap0899_ses-year2_acq-SPGR_,yes,yes,yes,yes
sub-wrap0900_ses-year2_acq-SPGR_,yes,yes,yes,yes
sub-wrap0900_ses-year3_acq-unknown_,yes,yes,yes,yes
sub-wrap0902_ses-baseline_acq-SPGR_,yes,yes,yes,yes
sub-wrap0902_ses-year2_acq-SPGR_,yes,yes,yes,yes
sub-wrap0902_ses-year3_acq-SPGR_,yes,yes,yes,yes
sub-wrap0903_ses-baseline_acq-unknown_,yes,yes,yes,yes
sub-wrap0905_ses-year2_acq-SPGR_,yes,yes,yes,yes
sub-wrap0906_ses-baseline_acq-SPGR_,yes,yes,yes,yes
sub-wrap0906_ses-year2_acq-SPGR_,yes,yes,yes,yes
sub-wrap0906_ses-year3_acq-SPGR_,yes,yes,yes,yes
sub-wrap0906_ses-year4_acq-SPGR_,yes,yes,yes,yes
sub-wrap0906_ses-year6_acq-SPGR_,yes,yes,yes,yes
sub-wrap0908_ses-baseline_acq-SPGR_,maybe,yes,yes,no
sub-wrap0908_ses-year2_acq-SPGR_,yes,yes,yes,yes
sub-wrap0910_ses-baseline_acq-unknown_,yes,yes,yes,yes
sub-wrap0911_ses-baseline_acq-unknown_,yes,yes,yes,yes
sub-wrap0912_ses-baseline_acq-unknown_,yes,yes,yes,yes
sub-wrap0915_ses-baseline_acq-SPGR_,yes,yes,yes,yes
sub-wrap0915_ses-year3_acq-unknown_,yes,yes,yes,yes
sub-wrap0915_ses-year4_acq-unknown_,yes,yes,yes,yes
sub-wrap0916_ses-baseline_acq-SPGR_,yes,yes,yes,yes
sub-wrap0916_ses-year2_acq-SPGR_,yes,yes,yes,yes
sub-wrap0916_ses-year3_acq-SPGR_,yes,yes,yes,yes
sub-wrap0916_ses-year4_acq-SPGR_,yes,yes,yes,yes
sub-wrap0916_ses-year5_acq-unknown_,yes,yes,yes,yes
sub-wrap0916_ses-year6_acq-unknown_,yes,yes,yes,yes
sub-wrap0916_ses-year7_acq-SPGR_,yes,yes,yes,yes
sub-wrap0920_ses-year2_acq-SPGR_,yes,yes,yes,yes
sub-wrap0920_ses-year3_acq-SPGR_,yes,yes,yes,yes
sub-wrap0920_ses-year4_acq-unknown_,yes,yes,yes,yes
sub-wrap0922_ses-baseline_acq-unknown_,yes,yes,yes,yes
sub-wrap0923_ses-baseline_acq-unknown_,yes,yes,yes,yes
sub-wrap0924_ses-baseline_acq-unknown_,yes,yes,yes,yes
sub-wrap0925_ses-year3_acq-SPGR_,yes,yes,yes,yes
sub-wrap0925_ses-year4_acq-unknown_,yes,yes,maybe,maybe
sub-wrap0925_ses-year5_acq-unknown_,yes,yes,yes,yes
sub-wrap0925_ses-year6_acq-unknown_,yes,yes,yes,yes
sub-wrap0925_ses-year7_acq-SPGR_,yes,yes,yes,yes
sub-wrap0926_ses-baseline_acq-SPGR_,yes,yes,yes,yes
sub-wrap0926_ses-year2_acq-SPGR_,yes,yes,yes,yes
sub-wrap0926_ses-year3_acq-SPGR_,yes,yes,yes,yes
sub-wrap0926_ses-year4_acq-SPGR_,yes,yes,yes,yes
sub-wrap0927_ses-baseline_acq-SPGR_,yes,yes,yes,yes
sub-wrap0927_ses-year2_acq-SPGR_,maybe,yes,maybe,yes
sub-wrap0927_ses-year3_acq-SPGR_,yes,yes,yes,yes
sub-wrap0927_ses-year4_acq-unknown_,yes,yes,maybe,yes
sub-wrap0927_ses-year5_acq-unknown_,yes,yes,yes,yes
sub-wrap0927_ses-year6_acq-unknown_,yes,yes,yes,yes
sub-wrap0927_ses-year7_acq-SPGR_,yes,yes,yes,yes
sub-wrap0930_ses-year2_acq-SPGR_,yes,yes,yes,yes
sub-wrap0934_ses-baseline_acq-SPGR_,yes,yes,yes,yes
sub-wrap0934_ses-year2_acq-SPGR_,yes,yes,yes,yes
sub-wrap0934_ses-year3_acq-unknown_,yes,yes,yes,yes
sub-wrap0934_ses-year5_acq-SPGR_,yes,yes,yes,yes
sub-wrap0943_ses-baseline_acq-SPGR_,yes,yes,yes,yes
sub-wrap0943_ses-year2_acq-SPGR_,yes,yes,yes,yes
sub-wrap0943_ses-year3_acq-unknown_,yes,yes,yes,yes
sub-wrap0943_ses-year4_acq-SPGR_,yes,yes,yes,yes
sub-wrap0944_ses-baseline_acq-SPGR_,yes,yes,yes,yes
sub-wrap0944_ses-year2_acq-SPGR_,yes,yes,yes,yes
sub-wrap0944_ses-year3_acq-SPGR_,yes,yes,yes,yes
sub-wrap0944_ses-year4_acq-unknown_,yes,yes,yes,yes
sub-wrap0944_ses-year5_acq-unknown_,yes,yes,yes,yes
sub-wrap0946_ses-baseline_acq-SPGR_,yes,yes,yes,yes
sub-wrap0946_ses-year2_acq-SPGR_,yes,yes,yes,yes
sub-wrap0946_ses-year3_acq-SPGR_,yes,yes,yes,yes
sub-wrap0946_ses-year4_acq-unknown_,yes,yes,yes,yes
sub-wrap0946_ses-year5_acq-SPGR_,yes,yes,yes,yes
sub-wrap0947_ses-baseline_acq-unknown_,yes,yes,yes,yes
sub-wrap0947_ses-year2_acq-unknown_,yes,yes,yes,yes
sub-wrap0957_ses-baseline_acq-SPGR_run-1,yes,yes,yes,yes
sub-wrap0957_ses-baseline_acq-SPGR_run-2,yes,yes,yes,maybe
sub-wrap0957_ses-year2_acq-SPGR_,yes,yes,yes,yes
sub-wrap0957_ses-year3_acq-unknown_,yes,yes,yes,yes
sub-wrap0959_ses-baseline_acq-unknown_,yes,yes,yes,yes
sub-wrap0963_ses-baseline_acq-unknown_,yes,yes,yes,yes
sub-wrap0964_ses-baseline_acq-unknown_,yes,yes,maybe,yes
sub-wrap0964_ses-year2_acq-unknown_,yes,yes,yes,yes
sub-wrap0966_ses-baseline_acq-SPGR_,yes,yes,yes,yes
sub-wrap0966_ses-year2_acq-SPGR_,yes,yes,yes,yes
sub-wrap0967_ses-baseline_acq-SPGR_,yes,yes,yes,yes
sub-wrap0967_ses-year2_acq-SPGR_,yes,yes,yes,yes
sub-wrap0967_ses-year3_acq-unknown_,yes,yes,yes,yes
sub-wrap0967_ses-year4_acq-unknown_,yes,yes,yes,yes
sub-wrap0969_ses-baseline_acq-SPGR_,yes,yes,yes,yes
sub-wrap0972_ses-baseline_acq-unknown_,maybe,yes,yes,yes
sub-wrap0973_ses-baseline_acq-unknown_,yes,yes,yes,yes
sub-wrap0977_ses-baseline_acq-unknown_,yes,yes,yes,yes
sub-wrap0978_ses-year2_acq-SPGR_,yes,yes,yes,yes
sub-wrap0983_ses-baseline_acq-SPGR_,yes,yes,yes,yes
sub-wrap0983_ses-year2_acq-SPGR_,yes,yes,yes,yes
sub-wrap0983_ses-year3_acq-SPGR_,yes,yes,yes,yes
sub-wrap0983_ses-year4_acq-unknown_,yes,yes,yes,yes
sub-wrap0983_ses-year5_acq-unknown_,yes,yes,yes,yes
sub-wrap0983_ses-year6_acq-SPGR_,yes,yes,yes,yes
sub-wrap0986_ses-baseline_acq-SPGR_,yes,yes,yes,yes
sub-wrap0986_ses-year2_acq-SPGR_,yes,yes,yes,yes
sub-wrap0986_ses-year3_acq-unknown_,yes,yes,yes,yes
sub-wrap0988_ses-baseline_acq-unknown_,yes,yes,yes,yes
sub-wrap0988_ses-year2_acq-unknown_,yes,yes,yes,yes
sub-wrap0995_ses-baseline_acq-SPGR_,yes,yes,yes,yes
sub-wrap0995_ses-year2_acq-SPGR_,yes,yes,yes,yes
sub-wrap0995_ses-year3_acq-unknown_,yes,yes,yes,yes
sub-wrap0996_ses-year2_acq-unknown_,yes,yes,yes,yes
sub-wrap0997_ses-baseline_acq-SPGR_,yes,yes,yes,yes
sub-wrap0997_ses-year2_acq-SPGR_,yes,yes,yes,yes
sub-wrap0997_ses-year3_acq-unknown_,yes,yes,yes,yes
sub-wrap1000_ses-baseline_acq-SPGR_,yes,yes,yes,yes
sub-wrap1000_ses-year2_acq-SPGR_,yes,yes,yes,yes
sub-wrap1003_ses-baseline_acq-unknown_,yes,yes,yes,yes
sub-wrap1003_ses-year2_acq-unknown_,yes,yes,yes,yes
sub-wrap1004_ses-baseline_acq-SPGR_,yes,yes,yes,yes
sub-wrap1004_ses-year2_acq-SPGR_,yes,yes,yes,yes
sub-wrap1004_ses-year3_acq-unknown_,yes,yes,yes,yes
sub-wrap1005_ses-baseline_acq-SPGR_,yes,yes,yes,yes
sub-wrap1005_ses-year2_acq-SPGR_,yes,yes,yes,yes
sub-wrap1005_ses-year3_acq-SPGR_,yes,yes,yes,yes
sub-wrap1005_ses-year4_acq-unknown_,yes,yes,yes,yes
sub-wrap1005_ses-year5_acq-SPGR_,yes,yes,yes,yes
sub-wrap1005_ses-year6_acq-unknown_,yes,yes,yes,yes
sub-wrap1005_ses-year7_acq-SPGR_,yes,yes,yes,yes
sub-wrap1006_ses-baseline_acq-unknown_,yes,yes,yes,yes
sub-wrap1009_ses-baseline_acq-SPGR_,yes,yes,yes,yes
sub-wrap1009_ses-year2_acq-SPGR_,yes,yes,yes,yes
sub-wrap1009_ses-year3_acq-unknown_,yes,yes,yes,yes
sub-wrap1009_ses-year4_acq-SPGR_,yes,yes,yes,yes
sub-wrap1012_ses-baseline_acq-SPGR_,yes,yes,yes,yes
sub-wrap1012_ses-year2_acq-SPGR_,yes,yes,yes,yes
sub-wrap1012_ses-year3_acq-SPGR_,yes,yes,yes,yes
sub-wrap1012_ses-year4_acq-SPGR_,yes,yes,yes,yes
sub-wrap1012_ses-year5_acq-SPGR_,yes,yes,yes,yes
sub-wrap1012_ses-year6_acq-unknown_,yes,yes,yes,yes
sub-wrap1019_ses-year2_acq-SPGR_,yes,yes,yes,yes
sub-wrap1019_ses-year3_acq-SPGR_,yes,yes,yes,yes
sub-wrap1019_ses-year4_acq-unknown_,yes,yes,yes,yes
sub-wrap1020_ses-baseline_acq-SPGR_,yes,yes,yes,yes
sub-wrap1020_ses-year2_acq-SPGR_,yes,yes,yes,yes
sub-wrap1021_ses-year3_acq-unknown_,yes,yes,yes,yes
sub-wrap1021_ses-year4_acq-unknown_,yes,yes,yes,yes
sub-wrap1022_ses-baseline_acq-SPGR_,yes,yes,yes,yes
sub-wrap1022_ses-year2_acq-SPGR_,yes,yes,yes,yes
sub-wrap1022_ses-year3_acq-unknown_,yes,yes,yes,yes
sub-wrap1022_ses-year4_acq-unknown_,yes,yes,yes,yes
sub-wrap1023_ses-baseline_acq-unknown_,yes,yes,yes,yes
sub-wrap1024_ses-baseline_acq-unknown_,yes,yes,yes,maybe
sub-wrap1026_ses-baseline_acq-SPGR_,yes,yes,yes,yes
sub-wrap1030_ses-baseline_acq-SPGR_,yes,yes,yes,yes
sub-wrap1038_ses-baseline_acq-SPGR_,yes,yes,yes,no
sub-wrap1038_ses-year2_acq-SPGR_,yes,yes,yes,maybe
sub-wrap1038_ses-year3_acq-unknown_,yes,yes,maybe,yes
sub-wrap1038_ses-year4_acq-unknown_,yes,yes,yes,yes
sub-wrap1040_ses-baseline_acq-SPGR_,yes,yes,yes,yes
sub-wrap1040_ses-year2_acq-SPGR_,yes,yes,yes,yes
sub-wrap1047_ses-baseline_acq-unknown_,yes,yes,yes,yes
sub-wrap1049_ses-baseline_acq-SPGR_,yes,yes,yes,yes
sub-wrap1050_ses-baseline_acq-unknown_,yes,yes,yes,yes
sub-wrap1053_ses-baseline_acq-unknown_,yes,yes,yes,yes
sub-wrap1054_ses-baseline_acq-unknown_,yes,yes,yes,yes
sub-wrap1054_ses-year2_acq-unknown_,yes,yes,yes,yes
sub-wrap1055_ses-baseline_acq-unknown_,yes,yes,yes,yes
sub-wrap1055_ses-year2_acq-SPGR_,yes,yes,yes,yes
sub-wrap1056_ses-baseline_acq-SPGR_,yes,yes,yes,yes
sub-wrap1057_ses-baseline_acq-SPGR_,yes,yes,yes,yes
sub-wrap1058_ses-baseline_acq-unknown_,yes,yes,yes,maybe
sub-wrap1060_ses-baseline_acq-unknown_,yes,yes,yes,yes
sub-wrap1060_ses-year2_acq-SPGR_,yes,yes,yes,maybe
sub-wrap1066_ses-baseline_acq-SPGR_,yes,yes,yes,yes
sub-wrap1072_ses-baseline_acq-unknown_,yes,yes,yes,yes
sub-wrap1072_ses-year2_acq-unknown_,yes,yes,yes,yes
sub-wrap1077_ses-baseline_acq-unknown_,yes,yes,yes,yes
sub-wrap1078_ses-baseline_acq-unknown_,yes,yes,yes,yes
sub-wrap1081_ses-baseline_acq-unknown_,yes,yes,yes,yes
sub-wrap1082_ses-baseline_acq-unknown_,yes,yes,yes,maybe
sub-wrap1084_ses-baseline_acq-unknown_,yes,yes,yes,yes
sub-wrap1085_ses-baseline_acq-unknown_,yes,yes,yes,yes
sub-wrap1085_ses-year2_acq-unknown_,yes,yes,yes,yes
sub-wrap1087_ses-baseline_acq-unknown_,yes,yes,yes,yes
sub-wrap1089_ses-baseline_acq-unknown_,yes,yes,yes,yes
sub-wrap1090_ses-baseline_acq-unknown_,yes,yes,yes,maybe
sub-wrap1091_ses-baseline_acq-unknown_,yes,yes,yes,yes
sub-wrap1092_ses-baseline_acq-unknown_,yes,yes,yes,yes
sub-wrap1096_ses-baseline_acq-unknown_,yes,yes,yes,yes
sub-wrap1098_ses-baseline_acq-unknown_,yes,yes,yes,yes
sub-wrap1100_ses-baseline_acq-unknown_,yes,yes,yes,yes
sub-wrap1100_ses-year2_acq-SPGR_,yes,yes,yes,yes
sub-wrap1106_ses-baseline_acq-unknown_,yes,yes,yes,yes
sub-wrap1106_ses-year2_acq-unknown_,yes,yes,yes,yes
sub-wrap1107_ses-baseline_acq-unknown_,yes,yes,yes,yes
sub-wrap1110_ses-baseline_acq-SPGR_,yes,yes,yes,yes
sub-wrap1111_ses-baseline_acq-unknown_,yes,yes,yes,yes
sub-wrap1111_ses-year2_acq-unknown_,yes,yes,yes,yes
sub-wrap1120_ses-baseline_acq-unknown_,yes,yes,yes,yes
sub-wrap1122_ses-baseline_acq-unknown_,yes,yes,yes,yes
sub-wrap1123_ses-baseline_acq-unknown_,yes,yes,yes,yes
sub-wrap1126_ses-baseline_acq-unknown_,yes,yes,yes,yes
sub-wrap1143_ses-baseline_acq-SPGR_,yes,yes,yes,yes
sub-wrapA0015_ses-baseline_acq-SPGR_,yes,yes,yes,yes
sub-wrapA0019_ses-baseline_acq-SPGR_,maybe,yes,yes,no
sub-wrapA0019_ses-year2_acq-SPGR_,yes,yes,yes,yes
sub-wrapA0019_ses-year3_acq-SPGR_,yes,yes,yes,yes
sub-wrapA0019_ses-year4_acq-unknown_,maybe,yes,yes,no
sub-wrapA0035_ses-baseline_acq-unknown_,yes,yes,yes,maybe
sub-wrapA0045_ses-baseline_acq-unknown_,yes,yes,yes,yes
sub-wrapA0054_ses-baseline_acq-SPGR_,yes,yes,yes,yes
sub-wrapA0054_ses-year2_acq-unknown_,yes,yes,yes,yes
sub-wrapA0057_ses-baseline_acq-unknown_,yes,yes,yes,yes
sub-wrapA0061_ses-baseline_acq-SPGR_,yes,yes,yes,yes
sub-wrapA0061_ses-year2_acq-SPGR_,yes,yes,yes,yes
sub-wrapA0061_ses-year3_acq-unknown_,yes,yes,yes,yes
sub-wrapA0066_ses-baseline_acq-unknown_,yes,yes,yes,yes
sub-wrapA0078_ses-baseline_acq-unknown_,yes,yes,yes,maybe
sub-wrapA0093_ses-baseline_acq-SPGR_,yes,yes,yes,yes
sub-wrapA0093_ses-year2_acq-unknown_,maybe,yes,yes,maybe
sub-wrapA0134_ses-baseline_acq-unknown_,yes,yes,yes,yes
sub-wrapA0138_ses-baseline_acq-unknown_,yes,yes,yes,yes
sub-wrapA0140_ses-baseline_acq-unknown_,yes,yes,yes,yes
sub-wrapA0140_ses-year2_acq-SPGR_,yes,yes,yes,yes
sub-wrapA0150_ses-baseline_acq-unknown_,yes,yes,yes,yes
sub-wrapA0151_ses-baseline_acq-unknown_,yes,yes,yes,yes
sub-wrapA0157_ses-baseline_acq-unknown_,yes,yes,yes,yes
sub-wrapA0164_ses-baseline_acq-unknown_,yes,yes,yes,yes
sub-wrapA0166_ses-baseline_acq-unknown_,yes,yes,yes,yes
sub-wrapL0001_ses-baseline_acq-SPGR_,yes,yes,yes,yes
sub-wrapL0006_ses-baseline_acq-SPGR_,yes,yes,yes,yes
sub-wrapL0007_ses-baseline_acq-SPGR_,yes,yes,yes,yes
sub-wrapL0007_ses-year2_acq-SPGR_,yes,yes,yes,yes
sub-wrapL0007_ses-year3_acq-unknown_,yes,yes,yes,yes
sub-wrapL0007_ses-year4_acq-unknown_,yes,yes,yes,yes
sub-wrapL0008_ses-baseline_acq-SPGR_,yes,yes,yes,maybe
sub-wrapL0008_ses-year2_acq-SPGR_,yes,yes,yes,yes
sub-wrapL0008_ses-year3_acq-SPGR_,yes,yes,yes,yes
sub-wrapL0008_ses-year4_acq-unknown_,yes,yes,yes,yes
sub-wrapL0008_ses-year5_acq-unknown_,yes,yes,yes,yes
sub-wrapL0010_ses-baseline_acq-unknown_,yes,yes,yes,yes
sub-wrapL0010_ses-year2_acq-unknown_,yes,yes,yes,yes
sub-wrapL0013_ses-baseline_acq-SPGR_,yes,yes,yes,maybe
sub-wrapL0013_ses-year2_acq-SPGR_,maybe,yes,yes,maybe
sub-wrapL0013_ses-year3_acq-SPGR_,yes,yes,yes,yes
sub-wrapL0013_ses-year4_acq-unknown_,yes,yes,yes,maybe
sub-wrapL0013_ses-year6_acq-SPGR_,yes,yes,yes,maybe
sub-wrapL0029_ses-baseline_acq-SPGR_,yes,yes,yes,maybe
sub-wrapL0029_ses-year2_acq-SPGR_,yes,yes,yes,yes
sub-wrapL0029_ses-year3_acq-unknown_,yes,yes,yes,yes
sub-wrapL0029_ses-year4_acq-SPGR_,yes,yes,yes,yes
sub-wrapL0032_ses-baseline_acq-SPGR_,yes,yes,yes,yes
sub-wrapL0032_ses-year2_acq-SPGR_,yes,yes,yes,yes
sub-wrapL0032_ses-year3_acq-SPGR_,yes,yes,yes,yes
sub-wrapL0032_ses-year4_acq-SPGR_,yes,yes,yes,yes
sub-wrapL0033_ses-baseline_acq-SPGR_,yes,yes,yes,yes
sub-wrapL0033_ses-year2_acq-SPGR_,yes,yes,yes,yes
sub-wrapL0033_ses-year3_acq-unknown_,yes,yes,yes,yes
sub-wrapL0036_ses-baseline_acq-unknown_,yes,yes,yes,yes
sub-wrapL0037_ses-baseline_acq-SPGR_,yes,yes,yes,yes
sub-wrapL0037_ses-year2_acq-SPGR_,yes,yes,yes,yes
sub-wrapL0037_ses-year3_acq-SPGR_,yes,yes,yes,yes
sub-wrapL0042_ses-baseline_acq-SPGR_,yes,yes,yes,yes
sub-wrapL0044_ses-baseline_acq-SPGR_,yes,yes,yes,yes
sub-wrapL0044_ses-year2_acq-SPGR_,yes,yes,yes,yes
sub-wrapL0049_ses-baseline_acq-SPGR_,yes,yes,yes,yes
sub-wrapL0049_ses-year2_acq-SPGR_,yes,yes,yes,yes
sub-wrapL0049_ses-year3_acq-SPGR_,yes,yes,yes,yes
sub-wrapL0049_ses-year4_acq-unknown_,yes,yes,yes,yes
sub-wrapL0052_ses-baseline_acq-SPGR_,yes,yes,yes,yes
sub-wrapL0052_ses-year2_acq-SPGR_,yes,yes,yes,yes
sub-wrapL0052_ses-year3_acq-unknown_,yes,yes,yes,yes
sub-wrapL0053_ses-baseline_acq-SPGR_,maybe,yes,yes,no
sub-wrapL0053_ses-year2_acq-SPGR_,yes,yes,yes,yes
sub-wrapL0053_ses-year3_acq-unknown_,yes,yes,yes,maybe
sub-wrapL0056_ses-year2_acq-unknown_,yes,yes,yes,yes
sub-wrapL0057_ses-baseline_acq-unknown_,yes,yes,yes,yes
sub-wrapL0066_ses-baseline_acq-SPGR_,yes,yes,yes,yes
sub-wrapL0067_ses-baseline_acq-unknown_,yes,yes,yes,yes
sub-wrapL0072_ses-baseline_acq-SPGR_,yes,yes,yes,yes
sub-wrapL0072_ses-year2_acq-SPGR_,yes,yes,yes,yes
sub-wrapL0072_ses-year3_acq-SPGR_,yes,yes,yes,yes
sub-wrapL0072_ses-year4_acq-unknown_,yes,yes,yes,yes
sub-wrapL0072_ses-year5_acq-SPGR_,yes,yes,yes,yes
sub-wrapL0074_ses-baseline_acq-SPGR_,yes,yes,yes,yes
sub-wrapL0074_ses-year2_acq-SPGR_,yes,yes,yes,yes
sub-wrapL0074_ses-year4_acq-SPGR_,yes,yes,yes,yes
sub-wrapL0077_ses-baseline_acq-SPGR_,yes,yes,yes,yes
sub-wrapL0077_ses-year2_acq-SPGR_,yes,yes,yes,yes
sub-wrapL0077_ses-year3_acq-unknown_,yes,yes,yes,yes
sub-wrapL0081_ses-baseline_acq-SPGR_,yes,yes,yes,yes
sub-wrapL0081_ses-year2_acq-SPGR_,yes,yes,yes,yes
sub-wrapL0081_ses-year3_acq-unknown_,yes,yes,yes,yes
sub-wrapL0082_ses-baseline_acq-SPGR_,yes,yes,yes,yes
sub-wrapL0082_ses-year2_acq-SPGR_,yes,yes,yes,yes
sub-wrapL0082_ses-year3_acq-SPGR_,yes,yes,yes,yes
sub-wrapL0082_ses-year4_acq-unknown_,yes,yes,maybe,yes
sub-wrapL0082_ses-year5_acq-unknown_,yes,yes,yes,yes
sub-wrapL0084_ses-baseline_acq-SPGR_,yes,yes,yes,yes
sub-wrapL0084_ses-year2_acq-SPGR_,yes,yes,yes,yes
sub-wrapL0084_ses-year3_acq-SPGR_,yes,yes,yes,yes
sub-wrapL0084_ses-year4_acq-unknown_,yes,yes,yes,yes
sub-wrapL0088_ses-baseline_acq-SPGR_,yes,yes,yes,yes
sub-wrapL0088_ses-year2_acq-SPGR_,yes,yes,yes,yes
sub-wrapL0088_ses-year3_acq-unknown_,yes,yes,yes,yes
sub-wrapL0094_ses-year2_acq-SPGR_,yes,yes,yes,yes
sub-wrapL0097_ses-baseline_acq-SPGR_,yes,yes,yes,yes
sub-wrapL0097_ses-year2_acq-SPGR_,yes,yes,yes,yes
sub-wrapL0097_ses-year3_acq-unknown_,yes,yes,yes,yes
sub-wrapL0100_ses-baseline_acq-SPGR_,yes,yes,yes,yes
sub-wrapL0100_ses-year2_acq-SPGR_,yes,yes,yes,yes
sub-wrapL0103_ses-baseline_acq-SPGR_,maybe,yes,yes,no
sub-wrapL0105_ses-baseline_acq-unknown_,yes,yes,yes,yes
sub-wrapL0107_ses-baseline_acq-SPGR_,yes,yes,yes,yes
sub-wrapL0111_ses-baseline_acq-SPGR_,yes,yes,yes,yes
sub-wrapL0111_ses-year2_acq-SPGR_,yes,yes,yes,yes
sub-wrapL0111_ses-year3_acq-unknown_,yes,yes,yes,yes
sub-wrapL0111_ses-year4_acq-unknown_,yes,yes,yes,yes
sub-wrapL0112_ses-baseline_acq-SPGR_,yes,yes,yes,yes
sub-wrapL0112_ses-year2_acq-SPGR_,yes,yes,yes,yes
sub-wrapL0112_ses-year3_acq-SPGR_,yes,yes,yes,yes
sub-wrapL0121_ses-baseline_acq-SPGR_,yes,yes,yes,yes
sub-wrapL0121_ses-year2_acq-unknown_,yes,yes,yes,yes
sub-wrapL0122_ses-baseline_acq-SPGR_,yes,yes,yes,yes
sub-wrapL0122_ses-year2_acq-SPGR_,yes,yes,yes,yes
sub-wrapL0122_ses-year3_acq-SPGR_,yes,yes,yes,yes
sub-wrapL0133_ses-baseline_acq-SPGR_,yes,yes,yes,yes
sub-wrapL0133_ses-year2_acq-SPGR_,yes,yes,yes,yes
sub-wrapL0133_ses-year3_acq-SPGR_,yes,yes,yes,yes
sub-wrapL0133_ses-year4_acq-unknown_,yes,yes,yes,yes
sub-wrapL0133_ses-year5_acq-SPGR_,yes,yes,yes,yes
sub-wrapL0136_ses-baseline_acq-SPGR_,yes,yes,yes,yes
sub-wrapL0137_ses-baseline_acq-SPGR_,yes,yes,yes,yes
sub-wrapL0151_ses-baseline_acq-SPGR_,yes,yes,yes,yes
sub-wrapL0151_ses-year2_acq-SPGR_,yes,yes,yes,yes
sub-wrapL0153_ses-baseline_acq-SPGR_,yes,yes,yes,yes
sub-wrapL0153_ses-year2_acq-SPGR_,yes,yes,yes,yes
sub-wrapL0154_ses-baseline_acq-SPGR_,yes,yes,yes,yes
sub-wrapL0157_ses-baseline_acq-unknown_,yes,yes,yes,yes
sub-wrapL0158_ses-baseline_acq-SPGR_,yes,yes,yes,yes
sub-wrapL0159_ses-baseline_acq-unknown_,yes,yes,yes,yes
sub-wrapL0161_ses-baseline_acq-SPGR_,yes,yes,yes,yes
sub-wrapL0161_ses-year3_acq-SPGR_,yes,yes,yes,yes
sub-wrapL0165_ses-year2_acq-unknown_run-1,yes,yes,yes,yes
sub-wrapL0165_ses-year2_acq-unknown_run-2,yes,yes,yes,yes
sub-wrapL0168_ses-baseline_acq-SPGR_,yes,yes,yes,yes
sub-wrapL0169_ses-baseline_acq-unknown_,yes,yes,yes,yes
sub-wrapL0169_ses-year2_acq-SPGR_,yes,yes,yes,yes
sub-wrapL0174_ses-baseline_acq-SPGR_,yes,yes,yes,yes
sub-wrapL0175_ses-baseline_acq-SPGR_,yes,yes,yes,yes
sub-wrapL0175_ses-year2_acq-SPGR_,yes,yes,yes,yes
sub-wrapL0175_ses-year3_acq-unknown_,yes,yes,yes,yes
sub-wrapL0175_ses-year4_acq-SPGR_,yes,yes,yes,yes
sub-wrapL0176_ses-baseline_acq-SPGR_,yes,yes,yes,yes
sub-wrapL0179_ses-baseline_acq-unknown_,yes,yes,yes,yes
sub-wrapL0181_ses-baseline_acq-unknown_,yes,yes,yes,yes
sub-wrapL0182_ses-baseline_acq-SPGR_,yes,yes,yes,yes
sub-wrapL0182_ses-year2_acq-SPGR_,yes,yes,yes,yes
sub-wrapL0182_ses-year3_acq-SPGR_,yes,yes,yes,yes
sub-wrapL0182_ses-year4_acq-unknown_,yes,yes,yes,yes
sub-wrapL0184_ses-baseline_acq-SPGR_,yes,yes,yes,no
sub-wrapL0184_ses-year2_acq-SPGR_,yes,yes,yes,yes
sub-wrapL0184_ses-year3_acq-SPGR_,yes,yes,yes,yes
sub-wrapL0184_ses-year4_acq-SPGR_,yes,yes,yes,yes
sub-wrapL0184_ses-year5_acq-unknown_,yes,yes,yes,yes
sub-wrapL0187_ses-year2_acq-SPGR_,yes,yes,yes,yes
sub-wrapL0190_ses-baseline_acq-SPGR_,yes,yes,yes,yes
sub-wrapL0192_ses-year2_acq-SPGR_,yes,yes,yes,yes
sub-wrapL0195_ses-baseline_acq-SPGR_,yes,yes,yes,yes
sub-wrapL0195_ses-year2_acq-unknown_,yes,yes,yes,yes
sub-wrapL0196_ses-year2_acq-SPGR_,yes,yes,yes,maybe
sub-wrapL0196_ses-year3_acq-unknown_,yes,yes,yes,maybe
sub-wrapL0201_ses-baseline_acq-SPGR_,yes,yes,yes,yes
sub-wrapL0201_ses-year2_acq-SPGR_,yes,yes,yes,yes
sub-wrapL0201_ses-year3_acq-SPGR_,yes,yes,yes,yes
sub-wrapL0201_ses-year4_acq-SPGR_,yes,yes,yes,yes
sub-wrapL0205_ses-baseline_acq-SPGR_,yes,yes,yes,yes
sub-wrapL0209_ses-year2_acq-unknown_,yes,yes,yes,yes
sub-wrapL0216_ses-baseline_acq-SPGR_,yes,yes,yes,yes
sub-wrapL0217_ses-baseline_acq-SPGR_,yes,yes,yes,yes
sub-wrapL0217_ses-year2_acq-unknown_,yes,yes,yes,yes
sub-wrapL0223_ses-baseline_acq-unknown_,yes,yes,yes,yes
sub-wrapL0224_ses-year2_acq-unknown_,yes,yes,yes,yes
sub-wrapL0224_ses-year3_acq-unknown_,yes,yes,yes,yes
sub-wrapL0225_ses-baseline_acq-SPGR_,yes,yes,yes,yes
sub-wrapL0225_ses-year2_acq-SPGR_,yes,yes,yes,yes
sub-wrapL0225_ses-year3_acq-unknown_,yes,yes,yes,maybe
sub-wrapL0225_ses-year4_acq-SPGR_,yes,yes,yes,yes
sub-wrapL0227_ses-baseline_acq-SPGR_,yes,yes,yes,yes
sub-wrapL0227_ses-year2_acq-SPGR_,yes,yes,yes,yes
sub-wrapL0227_ses-year3_acq-SPGR_,yes,yes,yes,yes
sub-wrapL0227_ses-year4_acq-unknown_,yes,yes,yes,yes
sub-wrapL0230_ses-baseline_acq-SPGR_,yes,yes,yes,yes
sub-wrapL0230_ses-year2_acq-SPGR_,yes,yes,yes,yes
sub-wrapL0230_ses-year3_acq-SPGR_,yes,yes,yes,yes
sub-wrapL0232_ses-baseline_acq-SPGR_,yes,yes,yes,yes
sub-wrapL0232_ses-year2_acq-SPGR_,yes,yes,yes,yes
sub-wrapL0235_ses-baseline_acq-SPGR_,yes,yes,yes,yes
sub-wrapL0235_ses-year2_acq-SPGR_,yes,yes,yes,yes
sub-wrapL0238_ses-baseline_acq-SPGR_,yes,yes,yes,yes
sub-wrapL0238_ses-year2_acq-SPGR_,yes,yes,yes,yes
sub-wrapL0238_ses-year3_acq-unknown_,yes,yes,maybe,yes
sub-wrapL0238_ses-year4_acq-unknown_,yes,yes,yes,yes
sub-wrapL0240_ses-baseline_acq-unknown_,yes,yes,yes,maybe
sub-wrapL0241_ses-year2_acq-unknown_,yes,yes,yes,maybe
sub-wrapL0246_ses-baseline_acq-SPGR_,yes,yes,yes,maybe
sub-wrapL0247_ses-baseline_acq-unknown_,yes,yes,yes,yes
sub-wrapL0248_ses-baseline_acq-unknown_,yes,yes,yes,yes
sub-wrapL0248_ses-year2_acq-SPGR_,yes,yes,yes,yes
sub-wrapL0254_ses-baseline_acq-SPGR_,yes,yes,yes,yes
sub-wrapL0260_ses-baseline_acq-unknown_,yes,yes,yes,yes
sub-wrapL0260_ses-year2_acq-SPGR_,yes,yes,yes,yes
sub-wrapL0263_ses-baseline_acq-SPGR_,yes,yes,yes,yes
sub-wrapL0263_ses-year3_acq-unknown_,yes,yes,yes,yes
sub-wrapL0264_ses-year2_acq-SPGR_,yes,yes,yes,yes
sub-wrapL0266_ses-baseline_acq-SPGR_,yes,yes,yes,yes
sub-wrapL0266_ses-year2_acq-SPGR_,yes,yes,yes,yes
sub-wrapL0266_ses-year3_acq-unknown_,yes,yes,yes,yes
sub-wrapL0266_ses-year4_acq-SPGR_,yes,yes,yes,yes
sub-wrapL0273_ses-baseline_acq-SPGR_,yes,yes,yes,yes
sub-wrapL0276_ses-year2_acq-SPGR_,yes,yes,yes,yes
sub-wrapL0281_ses-baseline_acq-SPGR_,yes,yes,yes,yes
sub-wrapL0281_ses-year2_acq-SPGR_,yes,yes,yes,yes
sub-wrapL0281_ses-year4_acq-SPGR_,yes,yes,yes,yes
sub-wrapL0283_ses-baseline_acq-unknown_,yes,no,yes,maybe
sub-wrapL0292_ses-baseline_acq-SPGR_,yes,yes,yes,yes
sub-wrapL0292_ses-year2_acq-SPGR_,yes,yes,yes,yes
sub-wrapL0292_ses-year3_acq-SPGR_,yes,yes,yes,yes
sub-wrapL0297_ses-baseline_acq-SPGR_,yes,yes,yes,yes
sub-wrapL0297_ses-year2_acq-SPGR_,yes,yes,yes,yes
sub-wrapL0297_ses-year3_acq-SPGR_,yes,yes,yes,yes
sub-wrapL0300_ses-year3_acq-SPGR_,yes,yes,yes,maybe
sub-wrapL0302_ses-baseline_acq-SPGR_,yes,yes,yes,maybe
sub-wrapL0302_ses-year2_acq-SPGR_,yes,yes,yes,maybe
sub-wrapL0302_ses-year4_acq-SPGR_,yes,yes,yes,yes
sub-wrapL0303_ses-baseline_acq-SPGR_,yes,yes,yes,yes
sub-wrapL0309_ses-baseline_acq-SPGR_,yes,yes,yes,yes
sub-wrapL0309_ses-year2_acq-SPGR_,yes,yes,yes,yes
sub-wrapL0309_ses-year3_acq-unknown_,yes,yes,yes,yes
sub-wrapL0312_ses-baseline_acq-SPGR_,yes,yes,yes,yes
sub-wrapL0321_ses-baseline_acq-unknown_,yes,yes,yes,yes
sub-wrapL0325_ses-baseline_acq-SPGR_,yes,yes,yes,maybe
sub-wrapL0326_ses-baseline_acq-unknown_,yes,yes,yes,maybe
sub-wrapL0328_ses-baseline_acq-unknown_,yes,yes,yes,yes
sub-wrapM0003_ses-baseline_acq-SPGR_,yes,yes,yes,yes
sub-wrapM0016_ses-baseline_acq-unknown_,yes,yes,yes,yes
sub-wrapM0017_ses-baseline_acq-SPGR_,yes,yes,yes,no
sub-wrapM0017_ses-year2_acq-SPGR_,yes,yes,yes,yes
sub-wrapM0017_ses-year3_acq-unknown_,yes,yes,yes,yes
sub-wrapM0018_ses-baseline_acq-SPGR_,yes,yes,yes,maybe
sub-wrapM0018_ses-year2_acq-SPGR_,yes,yes,yes,yes
sub-wrapM0018_ses-year3_acq-SPGR_,yes,yes,yes,maybe
sub-wrapM0018_ses-year4_acq-SPGR_,yes,yes,yes,yes
sub-wrapM0023_ses-baseline_acq-unknown_,yes,yes,yes,yes
sub-wrapM0023_ses-year2_acq-unknown_,yes,yes,yes,yes
sub-wrapM0025_ses-baseline_acq-unknown_,yes,yes,maybe,yes
sub-wrapM0025_ses-year2_acq-unknown_,yes,yes,yes,yes
sub-wrapM0032_ses-baseline_acq-SPGR_,yes,yes,yes,yes
sub-wrapM0032_ses-year2_acq-unknown_,yes,yes,yes,yes
sub-wrapU0008_ses-baseline_acq-unknown_,yes,yes,yes,yes
sub-wrapU0014_ses-baseline_acq-unknown_,yes,yes,yes,yes
sub-wrapU0025_ses-year2_acq-SPGR_,yes,yes,yes,yes
